epoch,time,train/box_loss,train/pose_loss,train/kobj_loss,train/cls_loss,train/dfl_loss,metrics/precision(B),metrics/recall(B),metrics/mAP50(B),metrics/mAP50-95(B),metrics/precision(P),metrics/recall(P),metrics/mAP50(P),metrics/mAP50-95(P),val/box_loss,val/pose_loss,val/kobj_loss,val/cls_loss,val/dfl_loss,lr/pg0,lr/pg1,lr/pg2
1,13.2888,1.59885,3.23021,0.73192,3.33399,1.92465,0.40387,0.40541,0.35926,0.25334,0.19328,0.62162,0.34925,0.08812,1.72334,3.50845,0.71294,3.03597,2.14195,0.0001,0.0001,0.0001
2,17.0672,1.27658,3.05752,0.7133,2.03718,1.71096,0.76691,0.71155,0.85272,0.59646,0.76694,0.7027,0.78798,0.18245,0.91731,3.51153,0.66663,1.92283,1.31252,0.000219564,0.000219564,0.000219564
3,26.3386,1.01781,2.79897,0.63478,1.01272,1.38729,1,0.94595,0.99269,0.83415,0.85714,0.81081,0.80234,0.16637,0.66884,3.42882,0.60582,2.50102,1.24644,0.000338654,0.000338654,0.000338654
4,31.0238,0.92562,2.39035,0.61229,0.86079,1.32267,1,0.91892,0.98868,0.80019,0.82353,0.75676,0.72163,0.14064,0.66646,3.43378,0.5112,1.80759,1.22051,0.000457268,0.000457268,0.000457268
5,35.6812,0.98284,2.14207,0.59463,0.93135,1.33405,0.00627,0.05405,0.0054,0.00253,0.03333,0.59459,0.02874,0.00593,2.99136,3.64644,0.5416,114.973,3.56048,0.000575406,0.000575406,0.000575406
6,39.6364,1.03486,1.91551,0.59053,0.98891,1.41631,0.00257,0.13514,0.00153,0.00057,0.01573,0.37838,0.01299,0.0027,4.21828,4.42448,0.61604,inf,12.0104,0.00069307,0.00069307,0.00069307
7,44.2623,1.0657,1.98009,0.58842,1.07962,1.43888,0.01657,0.05405,0.00537,0.00423,0.03812,0.35135,0.02743,0.00707,nan,nan,nan,nan,nan,0.000810258,0.000810258,0.000810258
8,48.7,1.11548,1.91026,0.52595,1.03382,1.474,0,0,0,0,0,0,0,0,nan,nan,nan,nan,nan,0.000926972,0.000926972,0.000926972
9,52.7051,1.26079,1.82801,0.58299,1.19503,1.60901,0.02439,0.21622,0.02938,0.0064,0.00305,0.02703,0.00157,0.00031,4.27052,11.3563,0.00035,192.655,51.9367,0.00104321,0.00104321,0.00104321
10,56.902,1.0831,2.03214,0.51924,1.0745,1.38584,0.00267,0.02703,0.00139,0.00014,0.02933,0.2973,0.02062,0.00557,4.66287,4.13037,0.21518,136.784,7.60596,0.00115897,0.00115897,0.00115897
11,61.5777,1.11785,2.26694,0.50326,0.99929,1.46536,0.00785,0.05405,0.00284,0.00063,0.02374,0.21622,0.01502,0.00375,4.82588,4.55866,8.66088,276.904,443.223,0.00127426,0.00127426,0.00127426
12,65.6897,1.17682,1.66647,0.5192,1.06817,1.47643,0.00967,0.13514,0.00199,0.00034,0.02901,0.40541,0.02653,0.00463,4.56767,5.9248,0.78143,286.683,16.4312,0.00138907,0.00138907,0.00138907
13,69.7206,1.10004,1.73129,0.54422,1.00787,1.47536,0,0,0,0,0.00299,0.27027,0.00216,0.00038,5.37546,7.2637,0.33233,inf,16.6708,0.00150341,0.00150341,0.00150341
14,74.1044,1.2662,1.69223,0.52142,1.0088,1.54339,0,0,0,0,0.00602,0.59459,0.00622,0.00129,5.19138,5.23941,0.47007,inf,11.9147,0.00161727,0.00161727,0.00161727
15,78.2259,1.27946,1.83576,0.51256,1.06036,1.57003,0,0,0,0,0.00186,0.35135,0.00126,0.00035,5.85782,8.18991,0.36957,inf,49.4919,0.00173066,0.00173066,0.00173066
16,82.1638,1.18373,1.65627,0.53719,1.0488,1.53114,0.00414,0.02703,0.00048,0.00011,0.0662,0.45946,0.06229,0.01375,5.19542,4.07841,0.0645,51.503,8.28611,0.00184357,0.00184357,0.00184357
17,86.4701,1.1341,1.69602,0.47074,0.99433,1.45217,0.00154,0.02703,0.00029,3e-05,0.08308,0.13514,0.03868,0.00695,5.22585,4.21735,0.25303,13.1521,8.3969,0.00193664,0.00193664,0.00193664
18,90.8213,1.18606,1.44379,0.48533,1.02617,1.49371,0.0226,0.10811,0.0101,0.00198,0.02825,0.13514,0.01786,0.00331,4.37959,6.03464,0.17533,133.087,12.3965,0.00193268,0.00193268,0.00193268
19,94.8063,1.14215,1.54707,0.46769,1.00188,1.46525,0.00555,0.10811,0.00214,0.00026,0.01456,0.16216,0.00823,0.00192,4.71305,7.08587,0.14348,inf,99.3151,0.00192872,0.00192872,0.00192872
20,99.0322,1.14352,1.59063,0.48474,0.98338,1.54447,0.01772,0.13514,0.00502,0.00096,0.04251,0.32432,0.0202,0.0033,5.18312,7.41309,0.33369,362.524,66.961,0.00192476,0.00192476,0.00192476
21,103.319,1.09761,1.82761,0.44219,0.87886,1.38988,0.01489,0.16216,0.00687,0.00124,0.02678,0.37838,0.01939,0.00354,5.15079,7.46936,0.16613,560.959,42.5908,0.0019208,0.0019208,0.0019208
22,107.357,1.03285,1.49259,0.41316,0.83537,1.39464,0,0,0,0,0.01801,0.18919,0.00876,0.00197,5.54338,4.9862,1.27339,337.458,14.824,0.00191684,0.00191684,0.00191684
23,111.46,1.17082,1.36344,0.45089,0.93062,1.51947,0.00653,0.02703,0.00089,0.00036,0.01165,0.02703,0.00466,0.00114,5.4489,4.35824,1.65995,28.3691,11.1138,0.00191288,0.00191288,0.00191288
24,116.012,1.05444,1.59097,0.46291,0.93366,1.37351,0.16816,0.02703,0.00748,0.0015,0.11908,0.05405,0.01504,0.00349,5.85482,3.86441,2.04735,7.66788,8.16628,0.00190892,0.00190892,0.00190892
25,119.912,0.97557,1.38645,0.48189,0.82301,1.31602,0.1309,0.10811,0.03311,0.0049,0.39299,0.32432,0.29726,0.0632,4.57685,4.09291,0.14778,5.05185,8.81785,0.00190496,0.00190496,0.00190496
26,124,0.95251,1.49223,0.41719,0.85348,1.33899,0.05381,0.10811,0.0244,0.01139,0.04733,0.18919,0.02858,0.00917,2.49524,4.27938,0.07716,18.7795,3.36922,0.001901,0.001901,0.001901
27,128.503,1.07414,1.36808,0.46221,0.85387,1.43622,0.31072,0.45946,0.26074,0.14422,0.11755,0.18919,0.04779,0.01171,1.59757,5.24507,0.02022,6.71238,2.17827,0.00189704,0.00189704,0.00189704
28,132.465,1.08424,1.31151,0.40453,0.84529,1.37749,0.45375,0.78378,0.61622,0.31145,0.15256,0.32432,0.16955,0.0406,1.68645,4.85945,0.0048,6.86654,2.14229,0.00189308,0.00189308,0.00189308
29,136.432,1.09448,1.17083,0.49567,0.87458,1.48875,0.50727,0.75676,0.71209,0.36765,0.16498,0.40541,0.19273,0.04582,1.61198,4.94266,0.00276,5.43017,1.98865,0.00188912,0.00188912,0.00188912
30,141.028,1.06903,1.15355,0.41016,0.95457,1.37877,0.42564,0.56757,0.53608,0.19685,0.19841,0.54054,0.17244,0.05508,2.05735,5.06967,0.00689,3.53733,2.46576,0.00188516,0.00188516,0.00188516
31,145.051,1.03853,1.21804,0.4357,0.85728,1.40724,0.36413,0.40541,0.37677,0.12257,0.23178,0.48649,0.20491,0.05046,2.16083,4.46364,0.02407,5.65246,2.87617,0.0018812,0.0018812,0.0018812
32,149.016,1.05127,1.16961,0.41132,0.88293,1.41598,0.6244,0.62162,0.70844,0.47053,0.39203,0.45946,0.27673,0.07136,0.93192,3.58696,0.01649,3.82858,1.39172,0.00187724,0.00187724,0.00187724
33,153.487,1.04914,1.08338,0.48888,0.77936,1.35283,0.50789,0.75676,0.69064,0.46838,0.35928,0.54054,0.35653,0.11681,0.94169,3.13658,0.01998,3.35204,1.29459,0.00187328,0.00187328,0.00187328
34,157.44,1.04983,1.13943,0.45909,0.8543,1.40859,0.78167,0.35135,0.41859,0.15637,0.08718,0.51351,0.08156,0.01954,1.85734,4.82745,0.05845,2.91096,2.58066,0.00186932,0.00186932,0.00186932
35,161.409,1.06558,1.14683,0.44846,0.84497,1.37088,0.7254,0.21622,0.30973,0.09816,0.12792,0.40541,0.09587,0.02167,2.16871,4.60953,0.07354,3.76234,3.01755,0.00186536,0.00186536,0.00186536
36,165.923,0.97986,1.40955,0.41699,0.79958,1.33278,0.08406,0.32432,0.05699,0.02393,0.52842,0.39394,0.41101,0.09151,2.41181,3.60101,0.10653,7.26077,3.08654,0.0018614,0.0018614,0.0018614
37,169.884,0.92573,1.17473,0.45519,0.76966,1.30624,0.12016,0.35135,0.10156,0.04924,0.62783,0.45605,0.52619,0.13227,2.0812,3.41019,0.08305,5.17995,2.66055,0.00185744,0.00185744,0.00185744
38,173.881,0.93092,1.06575,0.44385,0.76637,1.32606,0.696,0.64865,0.73657,0.50746,0.52044,0.51351,0.53528,0.25693,1.03064,2.88614,0.02608,2.63104,1.33271,0.00185348,0.00185348,0.00185348
39,178.421,0.91468,1.29386,0.39989,0.71658,1.32231,0.70712,0.64865,0.77678,0.49532,0.47364,0.48649,0.43598,0.18143,1.09975,2.98791,0.03091,3.17583,1.3686,0.00184952,0.00184952,0.00184952
40,182.572,0.98702,0.89196,0.40944,0.74795,1.4053,0.69001,0.83784,0.88061,0.47927,0.42793,0.56757,0.37209,0.16042,1.37854,3.52583,0.02661,2.02203,1.58654,0.00184556,0.00184556,0.00184556
41,186.568,0.93708,0.97993,0.439,0.74353,1.36132,0.83772,0.83711,0.90088,0.65359,0.50546,0.54054,0.38434,0.15193,0.9301,3.61074,0.02829,2.03745,1.23732,0.0018416,0.0018416,0.0018416
42,191.181,1.02996,0.89263,0.43665,0.86554,1.45046,0.9308,0.72718,0.88571,0.70734,0.48277,0.51351,0.36912,0.13871,0.84156,3.43427,0.02581,2.425,1.22227,0.00183764,0.00183764,0.00183764
43,195.429,0.92172,0.97475,0.43037,0.78095,1.35986,0.72341,0.70698,0.77487,0.58152,0.56041,0.62162,0.52804,0.19256,0.82133,2.80774,0.0364,2.0376,1.19156,0.00183368,0.00183368,0.00183368
44,199.456,0.88569,0.86131,0.4253,0.76356,1.27032,0.56194,0.67568,0.58391,0.35045,0.53946,0.64865,0.49604,0.18572,1.11652,2.92338,0.09937,3.83233,1.46824,0.00182972,0.00182972,0.00182972
45,204.056,0.92174,1.05083,0.40793,0.76059,1.33209,0.5063,0.67568,0.53934,0.38875,0.49755,0.62162,0.4887,0.16186,1.17765,3.1498,0.12219,3.541,1.55876,0.00182576,0.00182576,0.00182576
46,208.291,0.95493,0.95864,0.41108,0.75459,1.37515,0.66899,0.49176,0.59482,0.43034,0.70907,0.54054,0.64206,0.34238,1.19651,2.53675,0.1641,2.76525,1.59114,0.0018218,0.0018218,0.0018218
47,213.357,0.84649,0.75013,0.39607,0.71816,1.24447,0.84764,0.78378,0.83153,0.62626,0.78739,0.72973,0.71977,0.40416,0.88978,2.16779,0.07338,2.38876,1.25876,0.00181784,0.00181784,0.00181784
48,219.765,0.78887,0.75994,0.36599,0.63722,1.1885,0.65001,0.75676,0.79431,0.62264,0.52413,0.62521,0.54507,0.25251,0.90842,2.5663,0.04208,2.90636,1.26871,0.00181388,0.00181388,0.00181388
49,223.793,0.85565,0.67391,0.37133,0.68732,1.25744,0.87561,0.97297,0.95891,0.74348,0.74898,0.83784,0.72125,0.37812,0.8571,2.21113,0.02,1.63327,1.22606,0.00180992,0.00180992,0.00180992
50,229.509,0.90589,0.96374,0.40321,0.78827,1.3117,0.99763,0.91892,0.98292,0.79535,0.93841,0.86486,0.90251,0.5326,0.74932,1.97918,0.02865,0.79326,1.17661,0.00180596,0.00180596,0.00180596
51,239.016,0.90799,0.74071,0.4547,0.72253,1.30416,0.99834,0.97297,0.99305,0.80722,0.92851,0.86486,0.9046,0.65152,0.72015,1.88164,0.04456,1.07548,1.13955,0.001802,0.001802,0.001802
52,246.358,0.9355,0.74748,0.39498,0.74793,1.3275,0.98644,1,0.995,0.82613,0.9312,0.94595,0.91299,0.61228,0.69647,1.60415,0.05271,0.65862,1.12875,0.00179804,0.00179804,0.00179804
53,250.398,0.95479,0.76937,0.419,0.75004,1.36102,0.9861,1,0.995,0.8276,0.9861,1,0.995,0.6544,0.70813,1.24799,0.02565,0.6295,1.12207,0.00179408,0.00179408,0.00179408
54,260.134,0.92436,0.71628,0.428,0.7109,1.30329,0.97257,0.95854,0.99063,0.7877,0.78076,0.77015,0.65949,0.32615,0.72127,2.52532,0.03525,0.7332,1.11251,0.00179012,0.00179012,0.00179012
55,264.551,0.90783,0.69411,0.40078,0.7995,1.29659,0.97819,0.97297,0.99447,0.85592,0.94998,0.94595,0.95731,0.5576,0.66102,1.47001,0.0403,0.91764,1.07336,0.00178616,0.00178616,0.00178616
56,268.953,0.94564,0.81972,0.43001,0.74929,1.30671,0.81861,0.91892,0.94457,0.78678,0.76651,0.86486,0.87377,0.40633,0.71841,1.93203,0.08572,1.0343,1.12301,0.0017822,0.0017822,0.0017822
57,272.992,0.93582,0.87626,0.39688,0.74685,1.32011,0.82365,0.83784,0.94721,0.77085,0.67569,0.73208,0.69612,0.40814,0.72335,1.86612,0.03841,0.92477,1.11789,0.00177824,0.00177824,0.00177824
58,278.726,0.9103,0.81446,0.38719,0.7814,1.23838,0.86408,0.94595,0.95011,0.75996,0.79231,0.89189,0.86224,0.60499,0.69873,1.18542,0.01324,1.07612,1.12943,0.00177428,0.00177428,0.00177428
59,282.851,0.88031,0.78896,0.39054,0.69769,1.29815,0.85466,0.89189,0.94554,0.7628,0.67725,0.73739,0.67604,0.45957,0.66816,1.69701,0.00893,1.12598,1.12053,0.00177032,0.00177032,0.00177032
60,286.895,0.8439,0.79118,0.37761,0.66817,1.24164,0.98956,0.91892,0.97614,0.79643,0.96046,0.89189,0.94314,0.61877,0.72201,1.34388,0.01002,1.4696,1.15361,0.00176636,0.00176636,0.00176636
61,293.246,0.86715,0.76816,0.38795,0.77231,1.27303,0.89816,0.95354,0.98302,0.78471,0.89816,0.95354,0.98302,0.6898,0.75732,1.17588,0.01171,1.70131,1.18246,0.0017624,0.0017624,0.0017624
62,297.289,0.86094,0.60864,0.37367,0.69668,1.2894,0.97196,1,0.99447,0.8272,0.88433,0.91892,0.90045,0.49674,0.72267,1.72054,0.01304,1.43405,1.14364,0.00175844,0.00175844,0.00175844
63,301.396,0.95669,0.69314,0.3941,0.75119,1.33156,0.9735,0.99312,0.99447,0.80325,0.94701,0.9661,0.96088,0.44375,0.75409,1.9094,0.0136,1.38879,1.13872,0.00175448,0.00175448,0.00175448
64,305.94,0.78542,0.6183,0.38192,0.6641,1.2006,0.89875,0.95976,0.97541,0.76666,0.70751,0.75676,0.7051,0.43279,0.7667,2.93301,0.01661,0.94369,1.14773,0.00175052,0.00175052,0.00175052
65,309.94,0.87489,0.61257,0.3781,0.76463,1.33505,0.92068,0.94118,0.98614,0.82401,0.81634,0.841,0.82768,0.49179,0.7198,2.28298,0.01682,0.74989,1.10112,0.00174656,0.00174656,0.00174656
66,314.049,0.82133,0.69638,0.39745,0.69536,1.24755,0.97253,1,0.99447,0.8449,0.89012,0.89189,0.87893,0.68157,0.65825,1.07177,0.0198,0.60501,1.05203,0.0017426,0.0017426,0.0017426
67,319.482,0.86629,0.52106,0.37272,0.71443,1.25665,0.99587,1,0.995,0.83148,0.96158,0.94595,0.94492,0.73176,0.65343,1.06824,0.01879,0.57252,1.06658,0.00173864,0.00173864,0.00173864
68,329.86,0.82869,0.63422,0.33436,0.67244,1.23876,0.9931,1,0.995,0.83232,0.93925,0.94595,0.95179,0.74058,0.67834,1.13283,0.01993,0.59713,1.08533,0.00173468,0.00173468,0.00173468
69,338.148,0.87962,0.61748,0.36983,0.735,1.29017,0.99189,1,0.995,0.86098,0.91074,0.91892,0.86984,0.66016,0.6662,1.29272,0.02309,0.61918,1.06562,0.00173072,0.00173072,0.00173072
70,342.683,0.97376,0.71706,0.41645,0.72118,1.38431,0.97368,1,0.995,0.83401,0.89431,0.91892,0.86034,0.70207,0.71286,1.3265,0.03831,0.632,1.07968,0.00172676,0.00172676,0.00172676
71,346.658,0.8719,0.5834,0.39243,0.7027,1.29562,1,0.96448,0.99221,0.81996,0.91608,0.88523,0.86195,0.68498,0.68534,1.11852,0.04607,0.72125,1.0983,0.0017228,0.0017228,0.0017228
72,352.076,0.80749,0.53774,0.37188,0.7342,1.22971,1,0.93186,0.97526,0.78666,0.94159,0.87157,0.92307,0.79612,0.73453,0.86955,0.04858,0.89733,1.13241,0.00171884,0.00171884,0.00171884
73,357.119,0.82838,0.81921,0.3846,0.70996,1.24447,1,0.86233,0.9714,0.81645,0.96849,0.83078,0.88106,0.72282,0.68657,1.0379,0.0496,0.86065,1.10561,0.00171488,0.00171488,0.00171488
74,361.401,0.85625,0.67132,0.38027,0.71158,1.25853,1,0.88938,0.995,0.8187,0.96951,0.85949,0.9359,0.83659,0.72208,0.84971,0.04232,0.77668,1.1087,0.00171092,0.00171092,0.00171092
75,370.949,0.85607,0.49368,0.37255,0.66416,1.24318,0.98776,1,0.995,0.80328,0.96071,0.97297,0.97272,0.8006,0.76542,0.9985,0.04003,0.59716,1.12941,0.00170696,0.00170696,0.00170696
76,374.989,0.85666,0.7642,0.45162,0.69529,1.28625,0.94849,1,0.995,0.81395,0.92234,0.97297,0.97214,0.78668,0.72677,0.92532,0.05061,0.54541,1.08534,0.001703,0.001703,0.001703
77,379.487,0.82516,0.66053,0.38947,0.68313,1.28289,0.97314,0.97929,0.99447,0.81576,0.94628,0.95226,0.96839,0.83062,0.73443,0.99624,0.06673,0.54438,1.08263,0.00169904,0.00169904,0.00169904
78,383.952,0.78774,0.69763,0.36861,0.65739,1.18566,0.97309,0.97733,0.99447,0.80728,0.91368,0.94595,0.94425,0.86716,0.74093,0.88634,0.04565,0.51556,1.10523,0.00169508,0.00169508,0.00169508
79,388.779,0.81015,0.50605,0.32934,0.61498,1.2205,0.98802,1,0.995,0.807,0.93433,0.94595,0.93983,0.86015,0.741,0.84221,0.03945,0.50561,1.10188,0.00169112,0.00169112,0.00169112
80,393.396,0.78167,0.53322,0.35495,0.60476,1.20294,0.9172,1,0.99134,0.80456,0.84063,0.91892,0.91641,0.7709,0.76741,1.09611,0.02339,0.5503,1.14827,0.00168716,0.00168716,0.00168716
81,397.382,0.93037,0.80947,0.37151,0.66733,1.34926,0.92419,0.98862,0.9935,0.82432,0.84996,0.91862,0.9105,0.77484,0.76986,1.10692,0.02146,0.60466,1.1537,0.0016832,0.0016832,0.0016832
82,404.904,0.91882,0.409,0.37443,0.671,1.33375,0.98305,0.97297,0.99305,0.82368,0.91412,0.89189,0.90519,0.78851,0.76263,1.13463,0.01748,0.65824,1.14475,0.00167924,0.00167924,0.00167924
83,409.202,0.8659,0.43384,0.35924,0.68046,1.30952,0.98948,1,0.995,0.82132,0.9357,0.94595,0.95419,0.83534,0.73566,0.91416,0.01596,0.58553,1.11815,0.00167528,0.00167528,0.00167528
84,413.519,0.78039,0.45442,0.33636,0.62091,1.21226,0.99424,1,0.995,0.87172,0.96737,0.97297,0.95927,0.86097,0.64054,0.64272,0.01126,0.53509,1.05074,0.00167132,0.00167132,0.00167132
85,418.506,0.77247,0.35883,0.3666,0.60575,1.22378,0.99548,1,0.995,0.86336,0.96794,0.97297,0.96047,0.84367,0.6442,0.66438,0.01298,0.55258,1.057,0.00166736,0.00166736,0.00166736
86,422.625,0.8369,0.35899,0.35444,0.65133,1.29221,0.9941,1,0.995,0.85028,0.93687,0.94595,0.92019,0.83977,0.65176,0.79469,0.02396,0.75844,1.04476,0.0016634,0.0016634,0.0016634
87,426.642,0.77956,0.5714,0.34029,0.60309,1.19945,0.98749,1,0.995,0.83973,0.9608,0.97297,0.9696,0.89607,0.70648,0.64643,0.03118,0.77455,1.06616,0.00165944,0.00165944,0.00165944
88,436.107,0.83714,0.4681,0.37538,0.64357,1.25793,0.99319,1,0.995,0.85556,0.96608,0.97297,0.97427,0.90286,0.63539,0.52842,0.02392,0.64493,1.06846,0.00165548,0.00165548,0.00165548
89,441.141,0.8014,0.44236,0.37162,0.62051,1.22237,0.99435,1,0.995,0.8791,0.96731,0.97297,0.97437,0.87729,0.5771,0.60607,0.02307,0.54961,1.03388,0.00165152,0.00165152,0.00165152
90,445.645,0.88189,0.54383,0.36871,0.66793,1.27608,0.99304,1,0.995,0.83652,0.9662,0.97297,0.96506,0.90815,0.64566,0.52451,0.03611,0.51161,1.03779,0.00164756,0.00164756,0.00164756
91,451.121,0.80889,0.49352,0.35196,0.65448,1.20231,0.99574,1,0.995,0.83645,0.96837,0.97297,0.97029,0.83151,0.62066,0.74396,0.04471,0.51055,1.04286,0.0016436,0.0016436,0.0016436
92,455.581,0.8276,0.40628,0.39799,0.6574,1.24339,0.9854,1,0.995,0.81724,0.95827,0.97297,0.96865,0.65195,0.65822,1.25645,0.04356,0.58746,1.07698,0.00163964,0.00163964,0.00163964
93,459.877,0.80091,0.57047,0.33077,0.67941,1.21808,0.98352,1,0.995,0.83041,0.85024,0.86486,0.80455,0.63965,0.66128,1.28281,0.04083,0.63119,1.08053,0.00163568,0.00163568,0.00163568
94,464.2,0.82802,0.58194,0.34728,0.66011,1.2339,0.96808,1,0.99289,0.8298,0.91987,0.94595,0.9458,0.85262,0.66799,0.70165,0.04185,0.67216,1.09415,0.00163172,0.00163172,0.00163172
95,468.816,0.75024,0.40159,0.34533,0.59797,1.20894,0.96986,1,0.99079,0.8272,0.91666,0.94595,0.9446,0.82663,0.65011,0.77233,0.04401,0.65582,1.08294,0.00162776,0.00162776,0.00162776
96,473.898,0.78393,0.41714,0.37499,0.62433,1.21949,0.96929,1,0.99289,0.85809,0.9169,0.94595,0.929,0.85695,0.67705,0.69196,0.05344,0.49151,1.05294,0.0016238,0.0016238,0.0016238
97,477.908,0.81277,0.52485,0.33203,0.60496,1.21116,0.97625,1,0.995,0.8676,0.94987,0.97297,0.97246,0.88336,0.69195,0.63662,0.05326,0.48618,1.06288,0.00161984,0.00161984,0.00161984
98,485.58,0.831,0.47804,0.29609,0.62383,1.25562,0.98824,1,0.995,0.85903,0.96153,0.97297,0.97214,0.89707,0.64594,0.52939,0.04853,0.40499,1.05282,0.00161588,0.00161588,0.00161588
99,489.573,0.83978,0.35601,0.37467,0.63503,1.26147,0.99363,1,0.995,0.84656,0.93948,0.94595,0.92045,0.88292,0.68038,0.60648,0.04712,0.43982,1.06211,0.00161192,0.00161192,0.00161192
100,494.718,0.70789,0.35302,0.3522,0.54489,1.16361,0.98922,1,0.995,0.84916,0.85409,0.86486,0.77912,0.64384,0.63634,1.40211,0.05082,0.66795,1.03935,0.00160796,0.00160796,0.00160796
101,498.73,0.75089,0.27947,0.34426,0.61722,1.20504,0.99358,1,0.995,0.83956,0.83059,0.83784,0.73676,0.65007,0.63234,1.554,0.0587,0.65451,1.03324,0.001604,0.001604,0.001604
102,502.747,0.80589,0.46128,0.33599,0.58495,1.22082,0.98969,1,0.995,0.85288,0.90944,0.91892,0.84974,0.78062,0.58846,0.97989,0.0492,0.43227,1.0268,0.00160004,0.00160004,0.00160004
103,507.354,0.75687,0.51493,0.3492,0.56197,1.22074,0.9936,1,0.995,0.85301,0.93989,0.94595,0.91042,0.89684,0.63153,0.56526,0.04348,0.3954,1.05311,0.00159608,0.00159608,0.00159608
104,511.42,0.75661,0.43388,0.2977,0.58509,1.1975,0.99616,1,0.995,0.84601,0.96924,0.97297,0.97441,0.91246,0.63367,0.60571,0.03355,0.39205,1.04306,0.00159212,0.00159212,0.00159212
105,522.025,0.84671,0.42616,0.39849,0.62997,1.28896,0.99209,1,0.995,0.84731,0.93827,0.94595,0.95276,0.90063,0.6373,0.6691,0.03663,0.40577,1.04019,0.00158816,0.00158816,0.00158816
106,526.181,0.77499,0.47671,0.34448,0.59256,1.22323,0.99681,1,0.995,0.86231,0.99681,1,0.995,0.875,0.58844,0.6901,0.06087,0.39914,1.01566,0.0015842,0.0015842,0.0015842
107,530.855,0.71097,0.45729,0.29708,0.59395,1.169,0.99618,1,0.995,0.87058,0.96926,0.97297,0.97701,0.89381,0.58285,0.66873,0.06347,0.38898,1.01113,0.00158024,0.00158024,0.00158024
108,535.439,0.69401,0.44046,0.31119,0.54849,1.14911,0.97791,1,0.995,0.8642,0.92444,0.94595,0.93425,0.86186,0.58332,0.73252,0.04545,0.38365,1.00668,0.00157628,0.00157628,0.00157628
109,539.452,0.76101,0.45149,0.32846,0.62754,1.2304,0.97064,1,0.99447,0.8552,0.91818,0.94595,0.93183,0.85206,0.61907,0.74133,0.04441,0.3904,1.01941,0.00157232,0.00157232,0.00157232
110,544.128,0.71104,0.33241,0.30984,0.55808,1.16243,0.97197,1,0.99368,0.85084,0.9457,0.97297,0.97531,0.91334,0.62906,0.52092,0.03311,0.37301,1.02371,0.00156836,0.00156836,0.00156836
111,548.216,0.75873,0.5004,0.32617,0.60487,1.22786,0.97145,1,0.99237,0.85504,0.94519,0.97297,0.96983,0.93616,0.63318,0.45538,0.0291,0.39434,1.03059,0.0015644,0.0015644,0.0015644
112,555.198,0.76104,0.33213,0.29279,0.57842,1.21708,0.9537,1,0.995,0.84952,0.92556,0.97297,0.97134,0.92296,0.62841,0.45727,0.03248,0.45248,1.0258,0.00156044,0.00156044,0.00156044
113,559.559,0.67864,0.33332,0.29307,0.53277,1.1435,0.95033,1,0.99289,0.85602,0.92465,0.97297,0.96905,0.9312,0.61753,0.42452,0.03588,0.44109,1.03334,0.00155648,0.00155648,0.00155648
114,563.585,0.74675,0.37947,0.3072,0.57473,1.17811,0.96999,1,0.995,0.8254,0.91743,0.94595,0.93983,0.87866,0.71754,0.69614,0.04386,0.43889,1.07111,0.00155252,0.00155252,0.00155252
115,567.826,0.71123,0.38311,0.30706,0.56116,1.15131,0.95011,1,0.99368,0.82053,0.89802,0.94595,0.92393,0.75818,0.69481,0.98341,0.04388,0.51063,1.06577,0.00154856,0.00154856,0.00154856
116,572.196,0.69779,0.45581,0.28991,0.53344,1.15577,0.97576,1,0.995,0.8593,0.86887,0.89189,0.8811,0.74463,0.61177,1.22962,0.03764,0.50718,1.02576,0.0015446,0.0015446,0.0015446
117,576.22,0.75575,0.45579,0.33095,0.55611,1.18805,0.97308,0.97699,0.99447,0.85002,0.96715,0.97297,0.98063,0.80596,0.61716,1.14515,0.03477,0.49481,1.02433,0.00154064,0.00154064,0.00154064
118,580.412,0.71495,0.37965,0.27754,0.56916,1.13906,0.97354,0.99465,0.99079,0.84556,0.96782,0.97297,0.9744,0.89622,0.62969,0.73353,0.02386,0.61473,1.02851,0.00153668,0.00153668,0.00153668
119,584.795,0.72364,0.30782,0.31928,0.52059,1.19553,0.99248,1,0.995,0.85361,0.96375,0.97297,0.97228,0.88562,0.61901,0.65059,0.02125,0.6869,1.02473,0.00153272,0.00153272,0.00153272
120,588.856,0.7647,0.29896,0.28994,0.60683,1.22979,0.988,1,0.995,0.85944,0.96129,0.97297,0.97586,0.91357,0.63032,0.55029,0.03008,0.58791,1.04227,0.00152876,0.00152876,0.00152876
121,592.963,0.78849,0.37671,0.31461,0.58595,1.21009,0.99015,1,0.995,0.85519,0.96308,0.97297,0.97594,0.91623,0.64109,0.53975,0.0366,0.52918,1.05265,0.0015248,0.0015248,0.0015248
122,597.47,0.73281,0.38296,0.29119,0.61369,1.17493,0.99428,1,0.995,0.83052,0.97018,0.97297,0.97957,0.94344,0.70791,0.52727,0.03396,0.45239,1.07988,0.00152084,0.00152084,0.00152084
123,601.846,0.73104,0.43629,0.26452,0.55961,1.18625,0.99654,1,0.995,0.84087,0.97268,0.97297,0.98044,0.94776,0.67238,0.52003,0.02576,0.39534,1.06479,0.00151688,0.00151688,0.00151688
124,606.037,0.7955,0.44892,0.3298,0.58384,1.24755,0.99724,1,0.995,0.83837,0.95794,0.94595,0.95342,0.94697,0.67768,0.50351,0.02427,0.38191,1.03897,0.00151292,0.00151292,0.00151292
125,610.452,0.77738,0.39849,0.32901,0.55699,1.22952,0.99514,1,0.995,0.84418,0.97065,0.97297,0.97944,0.93758,0.68604,0.47414,0.02738,0.38466,1.04425,0.00150896,0.00150896,0.00150896
126,614.483,0.77105,0.38094,0.27675,0.57924,1.20155,0.9944,1,0.995,0.85248,0.96753,0.97297,0.97952,0.95216,0.659,0.52354,0.03601,0.4039,1.05258,0.001505,0.001505,0.001505
127,619.213,0.77614,0.30628,0.31288,0.57736,1.22169,0.99307,1,0.995,0.8655,0.96623,0.97297,0.97931,0.95433,0.61551,0.52319,0.03682,0.39748,1.03384,0.00150104,0.00150104,0.00150104
128,624.098,0.78855,0.31889,0.29687,0.59393,1.25557,0.99771,1,0.995,0.86629,0.97075,0.97297,0.97966,0.95438,0.58021,0.47394,0.03133,0.36664,1.00286,0.00149708,0.00149708,0.00149708
129,628.591,0.75746,0.43193,0.30579,0.59813,1.20118,0.99816,1,0.995,0.8655,0.97136,0.97297,0.98012,0.94621,0.604,0.46597,0.02623,0.3549,1.00849,0.00149312,0.00149312,0.00149312
130,633.198,0.68743,0.39956,0.29682,0.53896,1.15972,0.99825,1,0.995,0.86588,0.97127,0.97297,0.97863,0.95835,0.60132,0.43696,0.02092,0.36174,1.0187,0.00148916,0.00148916,0.00148916
131,642.881,0.72666,0.4452,0.29668,0.55449,1.17508,0.99824,1,0.995,0.86244,0.97127,0.97297,0.97825,0.96513,0.59507,0.41316,0.02202,0.37531,1.02251,0.0014852,0.0014852,0.0014852
132,647.651,0.65411,0.42553,0.29093,0.50216,1.12741,0.99802,1,0.995,0.85469,0.97101,0.97297,0.9773,0.94501,0.59679,0.45606,0.03032,0.35063,1.02764,0.00148124,0.00148124,0.00148124
133,651.684,0.75319,0.35292,0.27136,0.56873,1.19394,0.99793,1,0.995,0.86062,0.94399,0.94595,0.95529,0.90395,0.58702,0.61714,0.03374,0.36236,1.01729,0.00147728,0.00147728,0.00147728
134,655.717,0.74482,0.43351,0.2984,0.53488,1.19347,0.99798,1,0.995,0.86879,0.89006,0.89189,0.90675,0.81847,0.60116,1.14274,0.04305,0.35255,1.0205,0.00147332,0.00147332,0.00147332
135,660.101,0.69868,0.38992,0.30925,0.59178,1.16028,0.99658,1,0.995,0.86571,0.91578,0.91892,0.92253,0.85047,0.60998,0.79887,0.04253,0.36837,1.0188,0.00146936,0.00146936,0.00146936
136,664.194,0.69995,0.481,0.28791,0.52833,1.15042,0.99627,1,0.995,0.85242,0.94438,0.94595,0.94766,0.92866,0.61315,0.52729,0.03296,0.41169,1.01844,0.0014654,0.0014654,0.0014654
137,669.149,0.68977,0.26266,0.26644,0.53048,1.18001,0.99536,1,0.995,0.86441,0.96834,0.97297,0.97493,0.94706,0.59229,0.46151,0.02818,0.3974,1.01404,0.00146144,0.00146144,0.00146144
138,673.529,0.75895,0.3858,0.31209,0.54623,1.20262,0.99189,1,0.995,0.86527,0.96484,0.97297,0.97471,0.95144,0.6143,0.37267,0.02627,0.41421,1.01233,0.00145748,0.00145748,0.00145748
139,677.497,0.72548,0.3083,0.24913,0.51548,1.16064,0.99314,1,0.995,0.87195,0.9663,0.97297,0.97299,0.95056,0.59454,0.38497,0.02752,0.39833,1.01755,0.00145352,0.00145352,0.00145352
140,681.848,0.6917,0.36358,0.30758,0.54093,1.18011,0.99695,1,0.995,0.8578,0.97001,0.97297,0.97157,0.93854,0.61511,0.40116,0.02936,0.37126,1.02864,0.00144956,0.00144956,0.00144956
141,686.192,0.73263,0.36099,0.30799,0.58282,1.19334,0.9976,1,0.995,0.86189,0.97063,0.97297,0.97166,0.93851,0.61612,0.41624,0.02933,0.37351,1.02544,0.0014456,0.0014456,0.0014456
142,690.251,0.75047,0.34323,0.28266,0.56174,1.20451,0.99739,1,0.995,0.87583,0.97043,0.97297,0.9719,0.92143,0.56667,0.47946,0.02796,0.33878,1.00595,0.00144164,0.00144164,0.00144164
143,694.306,0.74818,0.27432,0.30262,0.59146,1.21319,0.99745,1,0.995,0.8651,0.97049,0.97297,0.97053,0.91977,0.5768,0.51393,0.02707,0.35995,1.01487,0.00143768,0.00143768,0.00143768
144,698.879,0.70368,0.36472,0.30904,0.5327,1.19752,0.99816,1,0.995,0.85682,0.97119,0.97297,0.95845,0.91245,0.6132,0.54177,0.02795,0.37938,1.02556,0.00143372,0.00143372,0.00143372
145,703.027,0.74617,0.32137,0.26619,0.54902,1.16111,0.99815,1,0.995,0.85904,0.97117,0.97297,0.96025,0.93403,0.6213,0.46708,0.03035,0.3787,1.03737,0.00142976,0.00142976,0.00142976
146,711.658,0.74829,0.28596,0.29742,0.56995,1.17867,0.99818,1,0.995,0.85838,0.97117,0.97297,0.96265,0.94271,0.61581,0.45826,0.03952,0.37723,1.04003,0.0014258,0.0014258,0.0014258
147,715.839,0.72216,0.35748,0.28461,0.54837,1.1824,0.99815,1,0.995,0.85946,0.97118,0.97297,0.96113,0.92764,0.61968,0.48467,0.04816,0.37912,1.02951,0.00142184,0.00142184,0.00142184
148,722.871,0.75841,0.28598,0.27341,0.56266,1.24635,0.99846,1,0.995,0.85134,0.97147,0.97297,0.96286,0.8579,0.63953,0.67094,0.06897,0.36408,1.02981,0.00141788,0.00141788,0.00141788
149,727.31,0.72834,0.30647,0.24063,0.52117,1.16035,0.99843,1,0.995,0.85532,0.97144,0.97297,0.96822,0.86037,0.63956,0.67062,0.05606,0.3669,1.03446,0.00141392,0.00141392,0.00141392
150,731.786,0.80846,0.39627,0.28122,0.62128,1.28062,0.9959,1,0.995,0.85814,0.96899,0.97297,0.97194,0.96401,0.61239,0.38814,0.02746,0.36191,1.04493,0.00140996,0.00140996,0.00140996
151,736.316,0.69587,0.38312,0.29947,0.52814,1.20028,0.99551,1,0.995,0.85565,0.94143,0.94595,0.9158,0.88106,0.59499,0.59725,0.02861,0.35938,1.02899,0.001406,0.001406,0.001406
152,740.741,0.74981,0.2751,0.30943,0.54387,1.22566,0.98884,1,0.995,0.84131,0.93539,0.94595,0.92651,0.8921,0.63701,0.59885,0.04065,0.37544,1.02419,0.00140204,0.00140204,0.00140204
153,744.994,0.67935,0.38027,0.29337,0.52382,1.14911,0.99268,1,0.995,0.85058,0.96585,0.97297,0.97194,0.93722,0.61094,0.39525,0.03832,0.36723,1.01572,0.00139808,0.00139808,0.00139808
154,749.329,0.7291,0.3917,0.24537,0.5167,1.15371,0.99541,1,0.995,0.83321,0.96851,0.97297,0.97471,0.96043,0.60141,0.3475,0.03944,0.3803,1.03208,0.00139412,0.00139412,0.00139412
155,753.75,0.77544,0.32048,0.28125,0.60115,1.25681,0.99635,1,0.995,0.82941,0.96942,0.97297,0.97602,0.96869,0.60738,0.3468,0.03772,0.41399,1.03391,0.00139016,0.00139016,0.00139016
156,757.833,0.66565,0.39942,0.26431,0.48858,1.14124,0.99759,1,0.995,0.85624,0.97058,0.97297,0.975,0.975,0.62184,0.35357,0.0354,0.40162,1.02712,0.0013862,0.0013862,0.0013862
157,762.645,0.63588,0.32242,0.33838,0.50419,1.12206,0.98941,1,0.995,0.84403,0.96511,0.97297,0.9761,0.9761,0.62145,0.35912,0.03261,0.39266,1.02519,0.00138224,0.00138224,0.00138224
158,767.135,0.67861,0.33816,0.26525,0.54511,1.1508,0.98881,1,0.995,0.84728,0.96782,0.97297,0.9775,0.96658,0.61201,0.38804,0.02846,0.37659,1.02102,0.00137828,0.00137828,0.00137828
159,771.182,0.6651,0.31358,0.28099,0.53401,1.16026,0.98587,1,0.995,0.85559,0.96911,0.97297,0.97758,0.9667,0.59803,0.39778,0.02797,0.36032,1.00983,0.00137432,0.00137432,0.00137432
160,775.89,0.67819,0.33012,0.25795,0.5026,1.15689,0.99375,1,0.995,0.85991,0.97823,0.97297,0.97714,0.95595,0.60414,0.43206,0.03005,0.35603,1.00795,0.00137036,0.00137036,0.00137036
161,780.16,0.70131,0.43629,0.27925,0.52145,1.12788,0.99351,1,0.995,0.87166,0.94119,0.91892,0.91716,0.83226,0.60306,0.76306,0.05105,0.38427,1.00611,0.0013664,0.0013664,0.0013664
162,784.226,0.64179,0.31549,0.25001,0.50436,1.11882,0.98179,1,0.995,0.86228,0.97258,0.9588,0.97576,0.86649,0.59158,0.66535,0.03628,0.39884,1.02341,0.00136244,0.00136244,0.00136244
163,789.295,0.66755,0.43889,0.26728,0.51971,1.17042,1,0.98077,0.995,0.85114,0.97233,0.94988,0.9759,0.91728,0.61349,0.46605,0.02883,0.42349,1.04454,0.00135848,0.00135848,0.00135848
164,793.598,0.67965,0.35491,0.23414,0.50137,1.15755,0.98873,0.97297,0.99397,0.83786,0.94507,0.93019,0.94831,0.84121,0.63872,0.89017,0.02286,0.51686,1.0427,0.00135452,0.00135452,0.00135452
165,797.638,0.66013,0.31562,0.24666,0.50049,1.12885,0.97513,0.97297,0.99447,0.85175,0.94544,0.93681,0.94652,0.92358,0.62347,0.64438,0.0205,0.46288,1.02923,0.00135056,0.00135056,0.00135056
166,802.152,0.61881,0.31131,0.28362,0.46921,1.10398,1,0.99204,0.995,0.86175,0.96455,0.94595,0.9506,0.94727,0.59672,0.60008,0.01974,0.38713,1.02419,0.0013466,0.0013466,0.0013466
167,806.374,0.69538,0.31887,0.27558,0.50282,1.17656,0.99518,1,0.995,0.84655,0.96666,0.94595,0.95233,0.94896,0.60396,0.5692,0.02012,0.36882,1.03423,0.00134264,0.00134264,0.00134264
168,810.479,0.72986,0.29358,0.29517,0.52625,1.1811,0.998,1,0.995,0.865,0.97103,0.97297,0.97517,0.9422,0.60141,0.54308,0.02268,0.3688,1.0446,0.00133868,0.00133868,0.00133868
169,815.091,0.66595,0.39717,0.25598,0.49952,1.12395,0.9983,1,0.995,0.85624,0.97132,0.97297,0.97505,0.95079,0.62145,0.51303,0.02117,0.3585,1.04947,0.00133472,0.00133472,0.00133472
170,819.403,0.7036,0.30488,0.26542,0.53497,1.15011,0.9982,1,0.995,0.85929,0.97123,0.97297,0.97921,0.9674,0.61713,0.41274,0.01786,0.31399,1.06016,0.00133076,0.00133076,0.00133076
171,823.466,0.73967,0.33073,0.29241,0.55,1.19647,0.99816,1,0.995,0.86977,0.97118,0.97297,0.98073,0.96155,0.58008,0.43662,0.01889,0.30939,1.04774,0.0013268,0.0013268,0.0013268
172,828.475,0.65316,0.4079,0.23635,0.48694,1.15117,0.99814,1,0.995,0.86393,0.94407,0.94595,0.93626,0.91281,0.57385,0.65959,0.02579,0.32892,1.03002,0.00132284,0.00132284,0.00132284
173,832.558,0.70612,0.28304,0.31431,0.5283,1.20237,0.99761,1,0.995,0.86191,0.94363,0.94595,0.94458,0.89791,0.593,0.8422,0.0255,0.32806,1.02993,0.00131888,0.00131888,0.00131888
174,836.612,0.67388,0.22731,0.23219,0.50168,1.14969,0.99147,1,0.995,0.86262,0.96467,0.97297,0.97561,0.93635,0.59919,0.60992,0.02122,0.33172,1.01798,0.00131492,0.00131492,0.00131492
175,841.47,0.63933,0.30769,0.22342,0.50127,1.12052,0.99032,1,0.995,0.8683,0.96332,0.97297,0.97574,0.94867,0.58966,0.4957,0.01902,0.32294,1.01504,0.00131096,0.00131096,0.00131096
176,845.691,0.6869,0.35958,0.3235,0.48702,1.17796,0.99132,1,0.995,0.85742,0.96431,0.97297,0.97542,0.9375,0.59642,0.46323,0.01948,0.32025,1.03252,0.001307,0.001307,0.001307
177,849.783,0.5926,0.30713,0.20192,0.46841,1.10401,0.99267,1,0.995,0.86063,0.93882,0.94595,0.93625,0.90501,0.62155,0.63206,0.02252,0.33989,1.04176,0.00130304,0.00130304,0.00130304
178,854.292,0.68444,0.2524,0.27915,0.51742,1.1655,0.9936,1,0.995,0.85416,0.91291,0.91892,0.89196,0.81238,0.64096,1.03948,0.02584,0.35913,1.03688,0.00129908,0.00129908,0.00129908
179,858.503,0.72775,0.38552,0.28681,0.53721,1.2137,0.99428,1,0.995,0.8505,0.94054,0.94595,0.92414,0.85097,0.62869,0.88891,0.02654,0.3635,1.0307,0.00129512,0.00129512,0.00129512
180,862.622,0.71928,0.29153,0.28198,0.54637,1.18726,0.9978,1,0.995,0.86217,0.97083,0.97297,0.97205,0.90907,0.59276,0.59236,0.03247,0.36693,1.02498,0.00129116,0.00129116,0.00129116
181,867.151,0.62955,0.31037,0.24487,0.51905,1.13796,0.99809,1,0.995,0.86882,0.97111,0.97297,0.97359,0.92814,0.59257,0.52534,0.03611,0.35146,1.02615,0.0012872,0.0012872,0.0012872
182,871.453,0.71419,0.26698,0.23353,0.53238,1.1474,0.99841,1,0.995,0.87105,0.97142,0.97297,0.97499,0.96633,0.59837,0.3761,0.0341,0.32802,1.02119,0.00128324,0.00128324,0.00128324
183,880.97,0.64602,0.25399,0.21814,0.49354,1.12168,0.99839,1,0.995,0.86494,0.97141,0.97297,0.97615,0.95831,0.61761,0.36447,0.02921,0.33173,1.02315,0.00127928,0.00127928,0.00127928
184,885.091,0.67305,0.41476,0.23532,0.5069,1.15787,0.99822,1,0.995,0.85094,0.97125,0.97297,0.9761,0.94674,0.63193,0.46024,0.0229,0.32553,1.03092,0.00127532,0.00127532,0.00127532
185,889.23,0.63544,0.24485,0.21369,0.48955,1.12979,0.9982,1,0.995,0.86308,0.97123,0.97297,0.97627,0.93189,0.6037,0.5519,0.02257,0.31763,1.0268,0.00127136,0.00127136,0.00127136
186,893.745,0.62258,0.4825,0.25447,0.48461,1.12477,0.99829,1,0.995,0.85982,0.97131,0.97297,0.97627,0.90184,0.6101,0.83802,0.02645,0.31939,1.03572,0.0012674,0.0012674,0.0012674
187,897.833,0.6626,0.27152,0.26868,0.51518,1.1294,0.99842,1,0.995,0.86392,0.86965,0.86486,0.87287,0.842,0.60625,1.02628,0.03455,0.32997,1.02702,0.00126344,0.00126344,0.00126344
188,902.214,0.79879,0.25464,0.28594,0.5977,1.25467,0.99842,1,0.995,0.86816,0.85373,0.83784,0.82093,0.80075,0.61792,1.24973,0.07538,0.35356,1.02333,0.00125948,0.00125948,0.00125948
189,906.731,0.69182,0.33504,0.27571,0.52418,1.18121,0.99849,1,0.995,0.85985,0.88151,0.86486,0.87442,0.82927,0.61406,1.22118,0.09149,0.34987,1.02317,0.00125552,0.00125552,0.00125552
190,910.781,0.69887,0.23018,0.22617,0.53791,1.19215,0.998,1,0.995,0.8761,0.9169,0.91892,0.90832,0.85904,0.60201,0.89868,0.0832,0.32757,1.01405,0.00125156,0.00125156,0.00125156
191,915.098,0.75868,0.23349,0.24573,0.54871,1.22673,0.9981,1,0.995,0.87175,0.9441,0.94595,0.93406,0.91785,0.59067,0.49867,0.0461,0.32177,1.00773,0.0012476,0.0012476,0.0012476
192,919.733,0.66204,0.28839,0.24791,0.50488,1.12727,0.99731,1,0.995,0.86376,0.97025,0.97297,0.97452,0.9708,0.58077,0.28946,0.02396,0.33421,1.00686,0.00124364,0.00124364,0.00124364
193,923.81,0.65337,0.26423,0.25077,0.52818,1.139,0.99676,1,0.995,0.86816,0.9697,0.97297,0.96642,0.96339,0.57426,0.29489,0.02101,0.33115,1.00964,0.00123968,0.00123968,0.00123968
194,928.054,0.69916,0.33029,0.25921,0.55415,1.17461,0.99607,1,0.995,0.88177,0.96903,0.97297,0.96988,0.96117,0.57153,0.34472,0.02178,0.32415,1.01257,0.00123572,0.00123572,0.00123572
195,933.124,0.6804,0.26032,0.23116,0.52256,1.14408,0.9967,1,0.995,0.88523,0.96977,0.97297,0.95935,0.93603,0.55828,0.38263,0.02514,0.32776,1.00865,0.00123176,0.00123176,0.00123176
196,938.091,0.65073,0.40426,0.23373,0.49,1.12983,0.99828,1,0.995,0.87273,0.9713,0.97297,0.95197,0.89685,0.56978,0.47509,0.02737,0.33274,1.01088,0.0012278,0.0012278,0.0012278
197,942.14,0.68668,0.28615,0.24154,0.54251,1.14995,0.99826,1,0.995,0.86743,0.97128,0.97297,0.95367,0.87171,0.58651,0.56723,0.02494,0.33781,1.01962,0.00122384,0.00122384,0.00122384
198,946.954,0.62503,0.17594,0.24833,0.48137,1.13928,0.9957,1,0.995,0.87128,0.96879,0.97297,0.9543,0.89569,0.59193,0.54574,0.01948,0.33487,1.02078,0.00121988,0.00121988,0.00121988
199,950.943,0.72388,0.29478,0.25655,0.50254,1.17323,0.99569,1,0.995,0.86709,0.96878,0.97297,0.95367,0.91587,0.60142,0.47751,0.01985,0.35322,1.01452,0.00121592,0.00121592,0.00121592
200,955.453,0.66279,0.28011,0.25327,0.50928,1.12978,0.99571,1,0.995,0.87269,0.94178,0.94595,0.91978,0.89486,0.6218,0.52879,0.01548,0.37972,1.01172,0.00121196,0.00121196,0.00121196
201,959.867,0.63212,0.26439,0.23935,0.48682,1.10337,0.99694,1,0.995,0.86385,0.94305,0.94595,0.92707,0.88035,0.62912,0.56296,0.01306,0.37197,1.01794,0.001208,0.001208,0.001208
202,963.982,0.69175,0.26382,0.28384,0.52966,1.16476,0.99707,1,0.995,0.85928,0.91623,0.91892,0.88985,0.85291,0.62839,0.7798,0.01351,0.36047,1.02541,0.00120404,0.00120404,0.00120404
203,970.764,0.63731,0.23169,0.25897,0.50523,1.12672,0.99447,1,0.995,0.86842,0.94072,0.94595,0.92996,0.88293,0.62395,0.63649,0.01404,0.34253,1.02566,0.00120008,0.00120008,0.00120008
204,975.174,0.66932,0.2535,0.23386,0.48908,1.14608,0.98955,1,0.995,0.8788,0.93713,0.94595,0.93032,0.91631,0.62838,0.49757,0.01498,0.36015,1.03066,0.00119612,0.00119612,0.00119612
205,979.427,0.65121,0.24717,0.25069,0.48639,1.14928,0.98928,1,0.995,0.87625,0.96255,0.97297,0.95668,0.90976,0.64868,0.48418,0.01364,0.36738,1.04203,0.00119216,0.00119216,0.00119216
206,989.035,0.64385,0.26006,0.22257,0.47039,1.12074,0.99076,1,0.995,0.87054,0.96398,0.97297,0.95669,0.87824,0.62665,0.52381,0.01142,0.35186,1.0421,0.0011882,0.0011882,0.0011882
207,993,0.59858,0.2227,0.24277,0.45868,1.13217,0.99249,1,0.995,0.86576,0.96567,0.97297,0.9577,0.87828,0.61692,0.5402,0.01124,0.34369,1.0414,0.00118424,0.00118424,0.00118424
208,997.472,0.64633,0.28414,0.21622,0.49475,1.13303,0.99413,1,0.995,0.87463,0.96726,0.97297,0.96205,0.93688,0.58981,0.43773,0.01153,0.34661,1.01501,0.00118028,0.00118028,0.00118028
209,1001.6,0.62351,0.19253,0.24467,0.4879,1.08993,0.99632,1,0.995,0.89078,0.96939,0.97297,0.96523,0.95099,0.58257,0.36527,0.0121,0.33277,1.01848,0.00117632,0.00117632,0.00117632
210,1005.79,0.61933,0.34736,0.18396,0.46114,1.09051,0.99825,1,0.995,0.87288,0.97127,0.97297,0.96682,0.95383,0.563,0.34968,0.01294,0.32531,1.02179,0.00117236,0.00117236,0.00117236
211,1010.28,0.61057,0.15744,0.24947,0.48506,1.09957,0.99833,1,0.995,0.86886,0.97135,0.97297,0.97128,0.9522,0.56953,0.38803,0.01347,0.33002,1.02768,0.0011684,0.0011684,0.0011684
212,1014.4,0.56204,0.15864,0.24619,0.42117,1.09141,0.99838,1,0.995,0.8728,0.94441,0.94595,0.94672,0.91871,0.57237,0.43639,0.01498,0.32307,1.01743,0.00116444,0.00116444,0.00116444
213,1022.27,0.63267,0.22106,0.21722,0.46638,1.15185,0.99843,1,0.995,0.88046,0.94446,0.94595,0.94935,0.89639,0.57654,0.57298,0.01642,0.31547,1.01263,0.00116048,0.00116048,0.00116048
214,1027.28,0.64259,0.35258,0.28138,0.49214,1.11195,0.99843,1,0.995,0.87838,0.91747,0.91892,0.91768,0.89044,0.56848,0.75937,0.02329,0.32156,1.00476,0.00115652,0.00115652,0.00115652
215,1031.36,0.62171,0.2298,0.22178,0.4779,1.11666,0.99848,1,0.995,0.88089,0.97149,0.97297,0.96891,0.90523,0.56281,0.65482,0.02447,0.32112,1.00375,0.00115256,0.00115256,0.00115256
216,1035.88,0.58928,0.21557,0.22578,0.46622,1.10046,0.99849,1,0.995,0.89112,0.9715,0.97297,0.96415,0.95884,0.54788,0.35763,0.02148,0.30711,0.99674,0.0011486,0.0011486,0.0011486
217,1040.54,0.62571,0.3053,0.22312,0.46296,1.10342,0.99841,1,0.995,0.87949,0.97143,0.97297,0.96461,0.95643,0.54534,0.35147,0.01947,0.30971,0.9904,0.00114464,0.00114464,0.00114464
218,1044.57,0.64339,0.20662,0.23904,0.51291,1.12614,0.99814,1,0.995,0.8741,0.97117,0.97297,0.96495,0.95891,0.56353,0.3115,0.02066,0.3252,0.99559,0.00114068,0.00114068,0.00114068
219,1049.73,0.70245,0.24743,0.24991,0.51103,1.1771,0.99817,1,0.995,0.86059,0.97119,0.97297,0.96435,0.96196,0.57171,0.29462,0.02216,0.32914,0.99892,0.00113672,0.00113672,0.00113672
220,1053.84,0.60479,0.30109,0.21962,0.47018,1.09357,0.99834,1,0.995,0.87103,0.97136,0.97297,0.96261,0.96261,0.56758,0.31509,0.02667,0.32596,1.00473,0.00113276,0.00113276,0.00113276
221,1057.93,0.63731,0.2453,0.2486,0.50565,1.15579,0.99837,1,0.995,0.87843,0.97139,0.97297,0.96186,0.95393,0.57077,0.3528,0.02986,0.32666,1.00915,0.0011288,0.0011288,0.0011288
222,1062.97,0.61671,0.23215,0.21748,0.48107,1.10678,0.9954,1,0.995,0.85943,0.9685,0.97297,0.95659,0.92747,0.60018,0.41666,0.03133,0.33631,1.01498,0.00112484,0.00112484,0.00112484
223,1067.04,0.64528,0.24416,0.21129,0.46032,1.1184,0.9921,1,0.995,0.86042,0.96529,0.97297,0.95735,0.94415,0.61028,0.36026,0.03091,0.33503,1.01809,0.00112088,0.00112088,0.00112088
224,1071.12,0.64734,0.22133,0.21269,0.49148,1.11774,0.99564,1,0.995,0.8456,0.96861,0.97297,0.97522,0.93404,0.63562,0.48023,0.02606,0.34121,1.03496,0.00111692,0.00111692,0.00111692
225,1075.85,0.70405,0.27317,0.21779,0.5358,1.19406,0.99792,1,0.995,0.8462,0.99792,1,0.995,0.95216,0.632,0.31598,0.02506,0.3355,1.03586,0.00111296,0.00111296,0.00111296
226,1079.95,0.67537,0.33691,0.26488,0.48945,1.14355,0.99845,1,0.995,0.86011,0.97146,0.97297,0.97243,0.94083,0.58959,0.47379,0.02167,0.32378,1.01435,0.001109,0.001109,0.001109
227,1083.99,0.59868,0.20013,0.2114,0.47498,1.09163,0.99832,1,0.995,0.86007,0.94436,0.94595,0.94275,0.91861,0.58553,0.59825,0.01654,0.32069,1.01376,0.00110504,0.00110504,0.00110504
228,1089.06,0.67402,0.1915,0.21465,0.53241,1.1677,0.99772,1,0.995,0.86264,0.94379,0.94595,0.94782,0.93912,0.61148,0.58185,0.01292,0.34187,1.02175,0.00110108,0.00110108,0.00110108
229,1093.16,0.70638,0.21817,0.23172,0.52952,1.18002,0.9978,1,0.995,0.86401,0.97083,0.97297,0.97601,0.95075,0.60165,0.48242,0.01523,0.33737,1.02155,0.00109712,0.00109712,0.00109712
230,1097.28,0.61849,0.2082,0.25151,0.45591,1.12782,0.99838,1,0.995,0.87264,0.97136,0.97297,0.97971,0.96316,0.60022,0.39292,0.03316,0.31693,1.0286,0.00109316,0.00109316,0.00109316
231,1102.31,0.67357,0.25331,0.24325,0.47051,1.16368,0.9983,1,0.995,0.86446,0.97132,0.97297,0.98002,0.96546,0.60525,0.37124,0.04438,0.32249,1.03687,0.0010892,0.0010892,0.0010892
232,1106.45,0.69653,0.20456,0.24689,0.5166,1.16775,0.99825,1,0.995,0.86414,0.97124,0.97297,0.98053,0.96324,0.59853,0.40226,0.04297,0.33362,1.03074,0.00108524,0.00108524,0.00108524
233,1110.49,0.66012,0.19592,0.24121,0.49046,1.14947,0.99825,1,0.995,0.85918,0.94425,0.94595,0.9582,0.94755,0.59673,0.51347,0.03821,0.33163,1.02976,0.00108128,0.00108128,0.00108128
234,1115.51,0.69885,0.269,0.22717,0.48204,1.16701,0.99812,1,0.995,0.87799,0.94417,0.94595,0.95388,0.94119,0.57313,0.52619,0.03143,0.32513,1.02482,0.00107732,0.00107732,0.00107732
235,1119.62,0.61123,0.37208,0.21302,0.44294,1.10342,0.99825,1,0.995,0.86564,0.94429,0.94595,0.95247,0.94489,0.57321,0.49468,0.02944,0.33399,1.02883,0.00107336,0.00107336,0.00107336
236,1123.75,0.62037,0.28227,0.2421,0.45996,1.07989,0.99814,1,0.995,0.8525,0.94419,0.94595,0.94568,0.92701,0.61024,0.66238,0.03627,0.34753,1.05045,0.0010694,0.0010694,0.0010694
237,1128.3,0.6068,0.20058,0.21499,0.4364,1.09604,0.99814,1,0.995,0.84983,0.94418,0.94595,0.93922,0.87291,0.6156,0.84028,0.04744,0.34876,1.04318,0.00106544,0.00106544,0.00106544
238,1132.79,0.64391,0.1797,0.20431,0.49034,1.12313,0.99785,1,0.995,0.85635,0.88993,0.89189,0.82821,0.77094,0.60714,1.02069,0.04896,0.38307,1.02588,0.00106148,0.00106148,0.00106148
239,1136.85,0.6044,0.16062,0.18738,0.47056,1.09684,0.99767,1,0.995,0.85019,0.8897,0.89189,0.83152,0.74542,0.62553,1.05591,0.04334,0.3882,1.03045,0.00105752,0.00105752,0.00105752
240,1142.37,0.5899,0.22684,0.22064,0.44573,1.0936,0.99785,1,0.995,0.85444,0.91818,0.91892,0.89292,0.88517,0.61623,0.75931,0.02592,0.35876,1.03503,0.00105356,0.00105356,0.00105356
241,1148.17,0.6052,0.27061,0.19601,0.43992,1.09089,0.99848,1,0.995,0.86054,0.91852,0.91892,0.90718,0.9055,0.6024,0.68132,0.01472,0.33914,1.02688,0.0010496,0.0010496,0.0010496
242,1152.81,0.58188,0.19586,0.20315,0.43339,1.07689,0.99807,1,0.995,0.86261,0.94412,0.94595,0.94165,0.93775,0.5704,0.49246,0.01483,0.33364,1.01036,0.00104564,0.00104564,0.00104564
243,1157.01,0.66934,0.27722,0.21016,0.49091,1.13718,0.99787,1,0.995,0.86813,0.91697,0.91892,0.92084,0.91267,0.56938,0.58177,0.01464,0.33291,1.01386,0.00104168,0.00104168,0.00104168
244,1162.3,0.57966,0.23702,0.19131,0.45404,1.07347,0.99769,1,0.995,0.88233,0.91676,0.91892,0.92831,0.88216,0.58108,0.82133,0.01429,0.31516,1.02024,0.00103772,0.00103772,0.00103772
245,1166.71,0.634,0.18153,0.21307,0.47833,1.13245,0.99792,1,0.995,0.88019,0.87127,0.9147,0.89362,0.84586,0.58561,0.9565,0.01323,0.31024,1.02245,0.00103376,0.00103376,0.00103376
246,1171.55,0.60937,0.29507,0.21893,0.45584,1.11166,0.99829,1,0.995,0.88597,0.94433,0.94595,0.92491,0.83495,0.56924,0.79462,0.01171,0.305,1.00786,0.0010298,0.0010298,0.0010298
247,1175.64,0.66957,0.19662,0.24357,0.50016,1.16049,0.99827,1,0.995,0.8696,0.94431,0.94595,0.92387,0.91456,0.57976,0.49142,0.01206,0.29937,1.00602,0.00102584,0.00102584,0.00102584
248,1181.07,0.67136,0.20645,0.21628,0.50899,1.17075,0.99846,1,0.995,0.88743,0.97148,0.97297,0.96593,0.95638,0.59243,0.34837,0.01528,0.30154,1.01345,0.00102188,0.00102188,0.00102188
249,1185.27,0.58143,0.18463,0.18099,0.44809,1.09424,0.99842,1,0.995,0.87895,0.97144,0.97297,0.96512,0.95937,0.58792,0.32657,0.01534,0.29912,1.01848,0.00101792,0.00101792,0.00101792
250,1189.82,0.64572,0.19752,0.22854,0.47613,1.13829,0.99845,1,0.995,0.8743,0.97147,0.97297,0.96478,0.96212,0.6033,0.28966,0.01622,0.30356,1.02858,0.00101396,0.00101396,0.00101396
251,1194.21,0.65804,0.29103,0.20901,0.50439,1.16378,0.99845,1,0.995,0.86917,0.97147,0.97297,0.96354,0.96067,0.60965,0.28872,0.01645,0.30431,1.02557,0.00101,0.00101,0.00101
252,1199.35,0.63008,0.21541,0.20022,0.47316,1.14698,0.99842,1,0.995,0.87052,0.97144,0.97297,0.96435,0.96435,0.6315,0.31878,0.02063,0.33555,1.0238,0.00100604,0.00100604,0.00100604
253,1205.55,0.63662,0.24536,0.24891,0.47918,1.08993,0.9984,1,0.995,0.86554,0.97142,0.97297,0.96847,0.96466,0.62423,0.31352,0.02092,0.33541,1.02504,0.00100208,0.00100208,0.00100208
254,1209.6,0.62323,0.24566,0.22299,0.47039,1.12326,0.99673,1,0.995,0.86878,0.96979,0.97297,0.96662,0.96662,0.60431,0.31427,0.02287,0.32753,1.03189,0.00099812,0.00099812,0.00099812
255,1213.91,0.65536,0.1653,0.29307,0.47019,1.17376,0.99563,1,0.995,0.87307,0.96872,0.97297,0.96889,0.96297,0.59208,0.32261,0.02547,0.33009,1.03217,0.00099416,0.00099416,0.00099416
256,1218.41,0.62255,0.32728,0.21224,0.4657,1.10501,0.99269,1,0.995,0.87292,0.96565,0.97297,0.97025,0.96388,0.56594,0.3262,0.033,0.31525,1.01713,0.0009902,0.0009902,0.0009902
257,1224.54,0.63222,0.33555,0.20125,0.46223,1.09528,0.99286,1,0.995,0.8827,0.9658,0.97297,0.96673,0.96342,0.55689,0.30897,0.03323,0.3069,1.01417,0.00098624,0.00098624,0.00098624
258,1229.12,0.59955,0.20697,0.20373,0.45262,1.11578,0.99469,1,0.995,0.86044,0.9677,0.97297,0.96274,0.95959,0.57023,0.29596,0.02751,0.31531,1.02951,0.00098228,0.00098228,0.00098228
259,1233.92,0.59503,0.28444,0.19147,0.46895,1.11223,0.99745,1,0.995,0.86235,0.97049,0.97297,0.96343,0.96066,0.57479,0.30133,0.02523,0.31977,1.02827,0.00097832,0.00097832,0.00097832
260,1238.02,0.60215,0.25408,0.19198,0.47055,1.08755,0.99854,1,0.995,0.86618,0.97156,0.97297,0.96637,0.96131,0.56082,0.3187,0.02258,0.30302,1.0216,0.00097436,0.00097436,0.00097436
261,1244.17,0.53522,0.29468,0.21837,0.41377,1.05017,0.99854,1,0.995,0.863,0.97152,0.97297,0.96876,0.96643,0.56714,0.32695,0.02147,0.30784,1.02276,0.0009704,0.0009704,0.0009704
262,1248.41,0.68408,0.21593,0.22304,0.49034,1.16511,0.99853,1,0.995,0.87567,0.97154,0.97297,0.96877,0.95908,0.56469,0.34895,0.02087,0.31573,1.0231,0.00096644,0.00096644,0.00096644
263,1253.22,0.5506,0.14233,0.20609,0.42374,1.04733,0.99852,1,0.995,0.87666,0.97154,0.97297,0.9704,0.96111,0.57447,0.36702,0.0204,0.30612,1.02982,0.00096248,0.00096248,0.00096248
264,1257.67,0.59607,0.15842,0.18751,0.43155,1.09364,0.99822,1,0.995,0.87234,0.9712,0.97297,0.97308,0.9595,0.58321,0.35641,0.01688,0.30834,1.02232,0.00095852,0.00095852,0.00095852
265,1262.93,0.65872,0.19166,0.24285,0.48297,1.18595,0.99722,1,0.995,0.87526,0.97027,0.97297,0.97757,0.94869,0.58632,0.38414,0.01599,0.3273,1.01716,0.00095456,0.00095456,0.00095456
266,1267.41,0.6017,0.2076,0.22121,0.43394,1.08638,0.99664,1,0.995,0.86919,0.96971,0.97297,0.97654,0.97043,0.58825,0.3039,0.01502,0.34139,1.01761,0.0009506,0.0009506,0.0009506
267,1274.19,0.59146,0.3036,0.19546,0.44463,1.07911,0.99763,1,0.995,0.86871,0.97066,0.97297,0.97692,0.97442,0.58499,0.30704,0.01531,0.33512,1.01748,0.00094664,0.00094664,0.00094664
268,1278.65,0.62967,0.23277,0.19808,0.52174,1.11534,0.99821,1,0.995,0.87425,0.97123,0.97297,0.97971,0.97482,0.56779,0.37862,0.01369,0.31655,1.0173,0.00094268,0.00094268,0.00094268
269,1283.74,0.58032,0.17686,0.1783,0.4137,1.09322,0.99789,1,0.995,0.88231,0.97092,0.97297,0.98035,0.96517,0.55918,0.42823,0.01223,0.31116,1.01707,0.00093872,0.00093872,0.00093872
270,1287.87,0.59451,0.23394,0.21888,0.42006,1.09285,0.9964,1,0.995,0.87206,0.94254,0.94595,0.95892,0.95388,0.54724,0.48967,0.01214,0.30221,1.01033,0.00093476,0.00093476,0.00093476
271,1292.28,0.5787,0.16439,0.19044,0.44098,1.06092,0.99695,1,0.995,0.87663,0.94306,0.94595,0.95755,0.9456,0.53592,0.5452,0.01159,0.29738,1.01111,0.0009308,0.0009308,0.0009308
272,1296.55,0.57982,0.21579,0.20686,0.43532,1.06835,0.99784,1,0.995,0.88367,0.91693,0.91892,0.92559,0.9207,0.54025,0.71131,0.01116,0.30043,1.02301,0.00092684,0.00092684,0.00092684
273,1300.67,0.61424,0.21324,0.19176,0.45316,1.1358,0.99809,1,0.995,0.8828,0.91717,0.91892,0.91928,0.91653,0.54519,0.71663,0.01288,0.30474,1.02172,0.00092288,0.00092288,0.00092288
274,1305.16,0.6034,0.22452,0.22365,0.44876,1.11602,0.99727,1,0.995,0.88277,0.91641,0.91892,0.91293,0.91293,0.55092,0.7095,0.02063,0.31194,1.01734,0.00091892,0.00091892,0.00091892
275,1309.34,0.58108,0.21957,0.16799,0.44068,1.102,0.99733,1,0.995,0.87857,0.91642,0.91892,0.90564,0.90564,0.54549,0.70092,0.02403,0.31053,1.01447,0.00091496,0.00091496,0.00091496
276,1313.67,0.64187,0.17815,0.21734,0.45241,1.13388,0.99717,1,0.995,0.88135,0.91627,0.91892,0.89053,0.88851,0.5412,0.68573,0.02988,0.30089,1.0029,0.000911,0.000911,0.000911
277,1318.17,0.66655,0.19047,0.20998,0.47962,1.1396,0.99721,1,0.995,0.87404,0.9163,0.91892,0.89448,0.89146,0.54014,0.66311,0.03051,0.30219,0.99705,0.00090704,0.00090704,0.00090704
278,1322.42,0.6258,0.24711,0.1994,0.4644,1.1252,0.99805,1,0.995,0.87213,0.91709,0.91892,0.89486,0.89486,0.55145,0.56263,0.02611,0.29267,0.99706,0.00090308,0.00090308,0.00090308
279,1326.51,0.61669,0.15971,0.19482,0.42394,1.10804,0.99793,1,0.995,0.86938,0.94395,0.94595,0.93591,0.93591,0.54443,0.41397,0.02626,0.30445,0.98875,0.00089912,0.00089912,0.00089912
280,1331.04,0.60104,0.19083,0.1824,0.44331,1.12466,0.99817,1,0.995,0.8635,0.94421,0.94595,0.9324,0.9324,0.54263,0.4596,0.0285,0.30125,0.98034,0.00089516,0.00089516,0.00089516
281,1335.29,0.63601,0.20876,0.19664,0.47649,1.08747,0.99838,1,0.995,0.87424,0.94442,0.94595,0.93091,0.93091,0.5343,0.46888,0.02843,0.30083,0.97928,0.0008912,0.0008912,0.0008912
282,1339.47,0.59916,0.19697,0.16917,0.45012,1.09273,0.9985,1,0.995,0.87245,0.94453,0.94595,0.93486,0.91451,0.53497,0.47741,0.01998,0.30315,1.00062,0.00088724,0.00088724,0.00088724
283,1343.92,0.61039,0.22145,0.17123,0.44548,1.10813,0.99848,1,0.995,0.86529,0.94451,0.94595,0.93003,0.92627,0.53591,0.48735,0.01496,0.30139,1.00709,0.00088328,0.00088328,0.00088328
284,1348.22,0.54957,0.18977,0.17911,0.43972,1.08433,0.99847,1,0.995,0.89175,0.97148,0.97297,0.97654,0.96288,0.53395,0.34529,0.00894,0.30203,1.00238,0.00087932,0.00087932,0.00087932
285,1353.39,0.59008,0.19359,0.19822,0.41134,1.11709,0.99848,1,0.995,0.89264,0.97147,0.97297,0.9775,0.97196,0.54094,0.31251,0.00752,0.29866,1.00091,0.00087536,0.00087536,0.00087536
286,1358.24,0.59905,0.19241,0.18712,0.45496,1.09217,0.99847,1,0.995,0.8658,0.97149,0.97297,0.97296,0.9653,0.57967,0.31051,0.00735,0.3103,1.01394,0.0008714,0.0008714,0.0008714
287,1362.28,0.56996,0.17039,0.15658,0.41237,1.07278,0.99842,1,0.995,0.86639,0.97143,0.97297,0.97195,0.96411,0.59051,0.31057,0.00779,0.31964,1.02213,0.00086744,0.00086744,0.00086744
288,1366.37,0.61282,0.30856,0.22845,0.45236,1.08826,0.99832,1,0.995,0.85852,0.97134,0.97297,0.97019,0.9674,0.61723,0.29371,0.01009,0.34612,1.05289,0.00086348,0.00086348,0.00086348
289,1371.27,0.61385,0.32017,0.17855,0.44973,1.13023,0.99829,1,0.995,0.86904,0.97131,0.97297,0.97177,0.96897,0.60109,0.28187,0.01114,0.34031,1.04201,0.00085952,0.00085952,0.00085952
290,1375.34,0.55971,0.16358,0.22758,0.42298,1.12907,0.99402,1,0.995,0.86943,0.94014,0.94595,0.9465,0.94387,0.58021,0.44558,0.01165,0.33435,1.0149,0.00085556,0.00085556,0.00085556
291,1381.96,0.59535,0.19165,0.17652,0.41547,1.0636,0.98425,1,0.995,0.87429,0.92994,0.94595,0.94768,0.94502,0.5898,0.48608,0.0116,0.3379,1.0185,0.0008516,0.0008516,0.0008516
292,1386.43,0.57941,0.25712,0.17759,0.42947,1.07285,0.99459,1,0.995,0.87772,0.94069,0.94595,0.95079,0.94847,0.58238,0.48389,0.01187,0.32042,1.02594,0.00084764,0.00084764,0.00084764
293,1390.8,0.55209,0.18514,0.18141,0.40923,1.06313,0.99506,1,0.995,0.88005,0.94102,0.94595,0.96033,0.95077,0.56947,0.47738,0.01328,0.30803,1.02596,0.00084368,0.00084368,0.00084368
294,1395.3,0.58831,0.13929,0.18636,0.44336,1.08281,0.99846,1,0.995,0.87474,0.94446,0.94595,0.96907,0.95541,0.57811,0.47747,0.0163,0.29674,1.02631,0.00083972,0.00083972,0.00083972
295,1399.76,0.56827,0.13234,0.19628,0.44771,1.08736,0.99844,1,0.995,0.86776,0.94447,0.94595,0.97211,0.957,0.58807,0.47873,0.01701,0.29085,1.02435,0.00083576,0.00083576,0.00083576
296,1404.61,0.55774,0.21957,0.17401,0.40931,1.07533,0.99842,1,0.995,0.8786,0.94728,0.97135,0.97082,0.95453,0.57747,0.47232,0.02389,0.30166,1.00963,0.0008318,0.0008318,0.0008318
297,1411,0.63408,0.16599,0.1906,0.45578,1.12868,0.99842,1,0.995,0.87963,0.94728,0.97135,0.97347,0.95728,0.56671,0.46539,0.02569,0.3073,1.00555,0.00082784,0.00082784,0.00082784
298,1415.08,0.59556,0.14367,0.17869,0.43087,1.09096,0.99833,1,0.995,0.87366,0.91738,0.91892,0.94967,0.93612,0.60542,0.56179,0.02131,0.32088,1.03967,0.00082388,0.00082388,0.00082388
299,1419.43,0.52486,0.13725,0.19493,0.3808,1.05558,0.99827,1,0.995,0.87139,0.9173,0.91892,0.93464,0.93464,0.61623,0.60542,0.01637,0.32344,1.0394,0.00081992,0.00081992,0.00081992
300,1424.48,0.59312,0.12538,0.21143,0.4472,1.11558,0.99804,1,0.995,0.86771,0.94409,0.94595,0.95638,0.93495,0.57707,0.64295,0.01195,0.30668,1.00878,0.00081596,0.00081596,0.00081596
301,1428.51,0.56454,0.15789,0.19452,0.40317,1.09328,0.99799,1,0.995,0.88672,0.91707,0.91892,0.9318,0.92993,0.55699,0.65715,0.01172,0.29437,1.00306,0.000812,0.000812,0.000812
302,1433.1,0.60931,0.22969,0.18358,0.41301,1.0762,0.99777,1,0.995,0.87551,0.91687,0.91892,0.93217,0.93056,0.56254,0.67719,0.01182,0.30476,1.01115,0.00080804,0.00080804,0.00080804
303,1437.31,0.53368,0.15072,0.1635,0.39901,1.05081,0.99772,1,0.995,0.88412,0.91682,0.91892,0.93162,0.93162,0.56247,0.67769,0.01884,0.31117,1.00727,0.00080408,0.00080408,0.00080408
304,1441.88,0.62703,0.21567,0.20839,0.45746,1.12481,0.99808,1,0.995,0.88214,0.91712,0.91892,0.92937,0.92937,0.56987,0.67815,0.0295,0.30811,0.99994,0.00080012,0.00080012,0.00080012
305,1446.33,0.57515,0.17729,0.21656,0.45066,1.09824,0.99832,1,0.995,0.87221,0.91735,0.91892,0.92892,0.92733,0.57118,0.68675,0.03721,0.3081,1.00263,0.00079616,0.00079616,0.00079616
306,1450.49,0.54667,0.18661,0.18366,0.40193,1.06479,0.99825,1,0.995,0.87825,0.91731,0.91892,0.92698,0.92698,0.57059,0.67847,0.03707,0.30372,1.00852,0.0007922,0.0007922,0.0007922
307,1454.61,0.63181,0.16894,0.21784,0.46787,1.13251,0.99764,1,0.995,0.88341,0.91675,0.91892,0.92588,0.92588,0.56883,0.66849,0.03832,0.29855,1.00699,0.00078824,0.00078824,0.00078824
308,1459.14,0.58512,0.15756,0.22434,0.43807,1.08793,0.99673,1,0.995,0.87469,0.91591,0.91892,0.922,0.91788,0.5529,0.65779,0.04461,0.29625,1.00275,0.00078428,0.00078428,0.00078428
309,1463.34,0.56611,0.19514,0.17721,0.43041,1.09255,0.99685,1,0.995,0.88381,0.91603,0.91892,0.9212,0.91299,0.54835,0.66288,0.04666,0.29652,1.00588,0.00078032,0.00078032,0.00078032
310,1467.56,0.56914,0.15376,0.20288,0.45998,1.07707,0.99742,1,0.995,0.88515,0.94351,0.94595,0.94451,0.90594,0.56064,0.60497,0.03537,0.30772,1.0278,0.00077636,0.00077636,0.00077636
311,1472.16,0.55844,0.17411,0.18182,0.40466,1.0804,0.99772,1,0.995,0.88067,0.94379,0.94595,0.94448,0.91037,0.56262,0.60794,0.02905,0.30908,1.02797,0.0007724,0.0007724,0.0007724
312,1476.47,0.59334,0.15495,0.16012,0.45176,1.08505,0.99833,1,0.995,0.87884,0.94437,0.94595,0.94099,0.90753,0.57526,0.642,0.01838,0.29669,1.02608,0.00076844,0.00076844,0.00076844
313,1480.51,0.54396,0.14604,0.21885,0.40574,1.05451,0.99847,1,0.995,0.88085,0.94449,0.94595,0.94145,0.9071,0.58399,0.6645,0.01459,0.29584,1.02605,0.00076448,0.00076448,0.00076448
314,1485.01,0.54323,0.14079,0.17956,0.39585,1.04886,0.99828,1,0.995,0.89134,0.94432,0.94595,0.94706,0.93275,0.56023,0.56741,0.00941,0.30086,1.02074,0.00076052,0.00076052,0.00076052
315,1489.22,0.56633,0.15235,0.16668,0.43878,1.09468,0.99765,1,0.995,0.88949,0.94372,0.94595,0.95314,0.94531,0.56142,0.49699,0.00948,0.29528,1.02715,0.00075656,0.00075656,0.00075656
316,1493.68,0.58153,0.22656,0.19003,0.42223,1.12545,0.99644,1,0.995,0.8796,0.96951,0.97297,0.97857,0.97857,0.56389,0.29474,0.00942,0.29806,1.02499,0.0007526,0.0007526,0.0007526
317,1498.15,0.53935,0.22153,0.18776,0.421,1.07153,0.99659,1,0.995,0.88197,0.96958,0.97297,0.97516,0.97516,0.55324,0.29361,0.00929,0.29341,1.01533,0.00074864,0.00074864,0.00074864
318,1502.42,0.52183,0.15062,0.15991,0.39404,1.0567,0.99763,1,0.995,0.88504,0.97067,0.97297,0.97569,0.97569,0.5674,0.29806,0.0089,0.29441,1.01417,0.00074468,0.00074468,0.00074468
319,1506.43,0.51376,0.14746,0.13512,0.38383,1.03481,0.99792,1,0.995,0.87881,0.97095,0.97297,0.97502,0.97125,0.57144,0.33557,0.00908,0.30043,1.01718,0.00074072,0.00074072,0.00074072
320,1510.87,0.59488,0.10212,0.15819,0.52094,1.13149,0.99822,1,0.995,0.89146,0.97124,0.97297,0.97718,0.95655,0.54636,0.40525,0.00918,0.29533,1.01031,0.00073676,0.00073676,0.00073676
321,1515.13,0.50193,0.16632,0.16798,0.39351,1.04785,0.99833,1,0.995,0.89266,0.97135,0.97297,0.97827,0.95444,0.53718,0.41497,0.00963,0.2855,1.01549,0.0007328,0.0007328,0.0007328
322,1519.25,0.59503,0.12373,0.19522,0.41893,1.11485,0.99841,1,0.995,0.88178,0.97143,0.97297,0.98002,0.94564,0.55456,0.55499,0.01121,0.29431,1.02518,0.00072884,0.00072884,0.00072884
323,1523.65,0.55226,0.12034,0.16557,0.39486,1.05887,0.99844,1,0.995,0.86591,0.91748,0.91892,0.93132,0.9294,0.55872,0.62852,0.01173,0.29831,1.03251,0.00072488,0.00072488,0.00072488
324,1527.95,0.57117,0.12493,0.20166,0.40838,1.08825,0.99828,1,0.995,0.86633,0.91733,0.91892,0.92798,0.92294,0.55224,0.68992,0.01305,0.29207,1.03575,0.00072092,0.00072092,0.00072092
325,1531.95,0.52365,0.1497,0.19141,0.40227,1.05277,0.99821,1,0.995,0.86864,0.91727,0.91892,0.92658,0.92399,0.5461,0.68234,0.01359,0.29341,1.0329,0.00071696,0.00071696,0.00071696
326,1536.92,0.53336,0.25587,0.17661,0.40686,1.07177,0.99838,1,0.995,0.87909,0.91743,0.91892,0.92319,0.92319,0.5521,0.66518,0.01366,0.29096,1.02319,0.000713,0.000713,0.000713
327,1541.06,0.57132,0.13202,0.15865,0.42483,1.09444,0.9984,1,0.995,0.87422,0.91742,0.91892,0.92287,0.92287,0.56827,0.66976,0.01409,0.29675,1.02371,0.00070904,0.00070904,0.00070904
328,1545.26,0.52895,0.11784,0.17123,0.40122,1.07322,0.99821,1,0.995,0.87225,0.91724,0.91892,0.92411,0.92411,0.57539,0.65005,0.01516,0.29957,1.01861,0.00070508,0.00070508,0.00070508
329,1549.72,0.52581,0.12559,0.19453,0.37789,1.05205,0.99815,1,0.995,0.87273,0.91722,0.91892,0.91811,0.91811,0.57082,0.63619,0.01559,0.29915,1.01784,0.00070112,0.00070112,0.00070112
330,1553.95,0.49953,0.11599,0.16235,0.39132,1.04589,0.99835,1,0.995,0.86053,0.9174,0.91892,0.91994,0.91994,0.58088,0.65329,0.01528,0.29456,1.02933,0.00069716,0.00069716,0.00069716
331,1558.03,0.59057,0.12123,0.15931,0.41429,1.12143,0.99839,1,0.995,0.86628,0.91741,0.91892,0.91928,0.91928,0.5749,0.66291,0.0164,0.29163,1.03102,0.0006932,0.0006932,0.0006932
332,1562.56,0.51744,0.11477,0.16714,0.39631,1.05305,0.99844,1,0.995,0.88431,0.91749,0.91892,0.90751,0.90751,0.54779,0.67011,0.01934,0.28434,1.01943,0.00068924,0.00068924,0.00068924
333,1566.73,0.57428,0.22739,0.13395,0.43573,1.07895,0.9985,1,0.995,0.87275,0.91754,0.91892,0.90865,0.90865,0.55302,0.6643,0.02027,0.28668,1.02152,0.00068528,0.00068528,0.00068528
334,1570.99,0.49572,0.12278,0.12004,0.41009,1.02484,0.99845,1,0.995,0.87636,0.94448,0.94595,0.9414,0.91705,0.57708,0.61979,0.02285,0.29478,1.02202,0.00068132,0.00068132,0.00068132
335,1575.45,0.56253,0.13361,0.17737,0.38811,1.08118,0.99849,1,0.995,0.87514,0.94448,0.94595,0.94095,0.9245,0.57849,0.59214,0.02424,0.30287,1.017,0.00067736,0.00067736,0.00067736
336,1579.69,0.55579,0.13888,0.16918,0.4093,1.0753,0.99853,1,0.995,0.87483,0.94453,0.94595,0.93244,0.92681,0.55401,0.53832,0.02014,0.30252,1.00802,0.0006734,0.0006734,0.0006734
337,1583.74,0.52092,0.13848,0.15328,0.40978,1.07426,0.99851,1,0.995,0.88362,0.94454,0.94595,0.93056,0.92323,0.54532,0.50182,0.01753,0.30063,1.01301,0.00066944,0.00066944,0.00066944
338,1588.17,0.59757,0.11569,0.16922,0.44376,1.12191,0.99812,1,0.995,0.88,0.94417,0.94595,0.92623,0.91695,0.53834,0.47596,0.01675,0.28558,1.01509,0.00066548,0.00066548,0.00066548
339,1592.45,0.56925,0.20169,0.18816,0.42903,1.06196,0.99818,1,0.995,0.87976,0.94423,0.94595,0.92444,0.90325,0.53855,0.50642,0.01779,0.28374,1.01081,0.00066152,0.00066152,0.00066152
340,1596.48,0.52934,0.14443,0.15212,0.39718,1.04153,0.99847,1,0.995,0.87417,0.91751,0.91892,0.89075,0.89075,0.55009,0.60649,0.0181,0.28339,1.01029,0.00065756,0.00065756,0.00065756
341,1600.81,0.55794,0.12632,0.13783,0.4077,1.06241,0.99846,1,0.995,0.87916,0.9175,0.91892,0.89056,0.89056,0.55133,0.63659,0.01836,0.28324,1.01213,0.0006536,0.0006536,0.0006536
342,1605.26,0.52216,0.13325,0.20847,0.41054,1.08007,0.99848,1,0.995,0.88291,0.91752,0.91892,0.89255,0.89255,0.55264,0.60927,0.01506,0.28413,1.00915,0.00064964,0.00064964,0.00064964
343,1609.45,0.5261,0.14166,0.17522,0.40262,1.06209,0.99848,1,0.995,0.88419,0.91752,0.91892,0.89938,0.89938,0.55158,0.55954,0.01423,0.28562,1.00271,0.00064568,0.00064568,0.00064568
344,1614.69,0.52729,0.14611,0.18526,0.39496,1.08456,0.9985,1,0.995,0.89314,0.94453,0.94595,0.94167,0.93965,0.55056,0.38947,0.01244,0.27744,0.99184,0.00064172,0.00064172,0.00064172
345,1618.83,0.56398,0.15494,0.1708,0.43112,1.09778,0.9985,1,0.995,0.89265,0.97151,0.97297,0.96958,0.94885,0.55216,0.3595,0.01195,0.2759,0.99256,0.00063776,0.00063776,0.00063776
346,1623.4,0.59216,0.0997,0.19011,0.41447,1.13081,0.99846,1,0.995,0.88769,0.97148,0.97297,0.97321,0.95921,0.54426,0.33335,0.0123,0.28025,0.99565,0.0006338,0.0006338,0.0006338
347,1627.92,0.53721,0.09989,0.16536,0.40219,1.10063,0.99832,1,0.995,0.87848,0.94436,0.94595,0.94903,0.94903,0.54203,0.3569,0.01375,0.28253,0.9978,0.00062984,0.00062984,0.00062984
348,1631.93,0.51841,0.13183,0.16023,0.40783,1.08169,0.99775,1,0.995,0.86968,0.94382,0.94595,0.95243,0.95243,0.55939,0.47254,0.02836,0.28983,1.0108,0.00062588,0.00062588,0.00062588
349,1636.5,0.53501,0.1194,0.17084,0.41546,1.06835,0.99733,1,0.995,0.8697,0.94342,0.94595,0.95392,0.95392,0.5641,0.47585,0.03643,0.29092,1.01339,0.00062192,0.00062192,0.00062192
350,1641.03,0.55256,0.14884,0.17313,0.40774,1.06512,0.99676,1,0.995,0.87091,0.94282,0.94595,0.95334,0.95334,0.56689,0.47393,0.04504,0.29314,1.02033,0.00061796,0.00061796,0.00061796
351,1645.03,0.53237,0.18916,0.17013,0.44304,1.08011,0.99626,1,0.995,0.87295,0.94241,0.94595,0.95263,0.95263,0.56789,0.46883,0.04299,0.29391,1.02228,0.000614,0.000614,0.000614
352,1649.42,0.53772,0.11082,0.15045,0.39663,1.07134,0.99753,1,0.995,0.8796,0.94361,0.94595,0.95335,0.94878,0.56523,0.46083,0.03539,0.28982,1.01607,0.00061004,0.00061004,0.00061004
353,1653.85,0.50175,0.12698,0.1367,0.41671,1.0647,0.99814,1,0.995,0.87989,0.94419,0.94595,0.95283,0.94847,0.577,0.47986,0.03288,0.28903,1.01393,0.00060608,0.00060608,0.00060608
354,1657.86,0.52084,0.19772,0.21547,0.41266,1.07481,0.99808,1,0.995,0.86886,0.94413,0.94595,0.96587,0.94634,0.57431,0.504,0.02936,0.28778,1.00331,0.00060212,0.00060212,0.00060212
355,1662.14,0.58128,0.12037,0.15783,0.41134,1.1012,0.99778,1,0.995,0.87676,0.91683,0.91892,0.92163,0.91225,0.56716,0.59185,0.02834,0.2928,1.00299,0.00059816,0.00059816,0.00059816
356,1666.67,0.50619,0.11178,0.15687,0.37913,1.03374,0.99662,1,0.995,0.87948,0.91581,0.91892,0.92628,0.91717,0.55942,0.65229,0.02995,0.29576,1.0151,0.0005942,0.0005942,0.0005942
357,1670.71,0.51522,0.13866,0.13983,0.38662,1.05813,0.99682,1,0.995,0.87817,0.91593,0.91892,0.91005,0.91005,0.55772,0.65726,0.02901,0.29762,1.01753,0.00059024,0.00059024,0.00059024
358,1677.31,0.50358,0.14124,0.16505,0.40467,1.03158,0.99693,1,0.995,0.8557,0.9161,0.91892,0.89975,0.89181,0.56509,0.71571,0.0245,0.29641,1.02418,0.00058628,0.00058628,0.00058628
359,1681.74,0.58324,0.10273,0.15559,0.41467,1.09645,0.99696,1,0.995,0.85716,0.91613,0.91892,0.90373,0.89343,0.57531,0.75841,0.02116,0.29956,1.0318,0.00058232,0.00058232,0.00058232
360,1685.76,0.52717,0.09738,0.13824,0.3987,1.05439,0.99748,1,0.995,0.85226,0.91656,0.91892,0.91169,0.90083,0.58784,0.72833,0.01845,0.30198,1.04447,0.00057836,0.00057836,0.00057836
361,1689.86,0.53636,0.13054,0.17082,0.4052,1.07134,0.99738,1,0.995,0.85956,0.91652,0.91892,0.91506,0.9112,0.58412,0.65099,0.01643,0.30172,1.03847,0.0005744,0.0005744,0.0005744
362,1694.45,0.51101,0.10569,0.16101,0.37866,1.07052,0.99797,1,0.995,0.86397,0.91701,0.91892,0.91782,0.91782,0.57009,0.61943,0.01299,0.28542,1.03025,0.00057044,0.00057044,0.00057044
363,1698.46,0.55399,0.10697,0.16059,0.40127,1.07764,0.99833,1,0.995,0.87424,0.91735,0.91892,0.92039,0.92039,0.56989,0.60375,0.01236,0.28215,1.02671,0.00056648,0.00056648,0.00056648
364,1703.8,0.46583,0.10351,0.12979,0.34983,0.99305,0.99849,1,0.995,0.86983,0.94452,0.94595,0.95498,0.93815,0.56345,0.57845,0.01209,0.284,1.02807,0.00056252,0.00056252,0.00056252
365,1708.11,0.50178,0.13408,0.14474,0.362,1.03975,0.99857,1,0.995,0.87362,0.94456,0.94595,0.95682,0.94405,0.56359,0.58379,0.01264,0.2854,1.03643,0.00055856,0.00055856,0.00055856
366,1712.22,0.70728,0.22696,0.18607,0.45735,1.17971,0.99856,1,0.995,0.87687,0.9176,0.91892,0.92899,0.92899,0.57452,0.62254,0.01357,0.28203,1.04287,0.0005546,0.0005546,0.0005546
367,1716.7,0.55711,0.19197,0.15678,0.39204,1.05324,0.99857,1,0.995,0.87301,0.91757,0.91892,0.92239,0.92239,0.56972,0.64637,0.01541,0.28314,1.03642,0.00055064,0.00055064,0.00055064
368,1721.23,0.48401,0.13118,0.14413,0.37277,1.04065,0.99859,1,0.995,0.85618,0.91759,0.91892,0.91296,0.91296,0.56581,0.66545,0.0189,0.28017,1.03157,0.00054668,0.00054668,0.00054668
369,1725.31,0.47645,0.10775,0.09387,0.35894,0.99399,0.99857,1,0.995,0.85117,0.91758,0.91892,0.91546,0.91546,0.57136,0.65483,0.01756,0.28001,1.03396,0.00054272,0.00054272,0.00054272
370,1729.86,0.50943,0.12688,0.11293,0.36446,1.04045,0.9985,1,0.995,0.85515,0.94452,0.94595,0.94695,0.94695,0.57337,0.45437,0.01397,0.28389,1.03802,0.00053876,0.00053876,0.00053876
371,1734.22,0.51581,0.10795,0.15455,0.38692,1.07075,0.99849,1,0.995,0.87545,0.94452,0.94595,0.94903,0.94903,0.58077,0.45609,0.01245,0.28276,1.04497,0.0005348,0.0005348,0.0005348
372,1738.3,0.53799,0.14361,0.16437,0.41022,1.03295,0.99847,1,0.995,0.87289,0.9445,0.94595,0.95306,0.95306,0.58963,0.43702,0.01019,0.28597,1.05527,0.00053084,0.00053084,0.00053084
373,1742.65,0.5074,0.21297,0.17263,0.35504,1.0334,0.99843,1,0.995,0.87306,0.94446,0.94595,0.95517,0.94315,0.59212,0.48512,0.01024,0.29104,1.05421,0.00052688,0.00052688,0.00052688
374,1747.23,0.58704,0.09133,0.12546,0.38943,1.09654,0.99818,1,0.995,0.8819,0.91724,0.91892,0.92881,0.92881,0.58784,0.61008,0.01203,0.27647,1.04308,0.00052292,0.00052292,0.00052292
375,1751.27,0.51318,0.12177,0.12156,0.37961,1.06553,0.99801,1,0.995,0.88001,0.91709,0.91892,0.92903,0.92585,0.5796,0.62635,0.01343,0.27153,1.03946,0.00051896,0.00051896,0.00051896
376,1755.76,0.556,0.13496,0.13713,0.42111,1.07139,0.99822,1,0.995,0.88504,0.8946,0.91763,0.92766,0.92064,0.58184,0.79015,0.0174,0.27052,1.03932,0.000515,0.000515,0.000515
377,1760.15,0.5175,0.13327,0.14543,0.36143,1.04317,0.99825,1,0.995,0.88468,0.8946,0.9176,0.92687,0.9198,0.59316,0.78344,0.01851,0.27496,1.0424,0.00051104,0.00051104,0.00051104
378,1767.33,0.54817,0.11949,0.14544,0.38965,1.07167,0.99807,1,0.995,0.86224,0.89463,0.9179,0.92955,0.92252,0.62213,0.75727,0.01777,0.28706,1.05076,0.00050708,0.00050708,0.00050708
379,1771.87,0.52307,0.20146,0.13595,0.3831,1.03672,0.99793,1,0.995,0.86137,0.92099,0.94516,0.94838,0.9266,0.62904,0.75095,0.01681,0.2924,1.05109,0.00050312,0.00050312,0.00050312
380,1775.95,0.56977,0.11045,0.16183,0.41141,1.09391,0.99776,1,0.995,0.86987,0.89469,0.91849,0.92785,0.92062,0.61726,0.74641,0.01648,0.29076,1.04791,0.00049916,0.00049916,0.00049916
381,1780,0.48906,0.17021,0.11776,0.35705,1.01858,0.99791,1,0.995,0.87238,0.92099,0.9452,0.94638,0.92311,0.60692,0.67037,0.01624,0.27608,1.03939,0.0004952,0.0004952,0.0004952
382,1784.53,0.49496,0.12406,0.11628,0.36452,1.04737,0.99836,1,0.995,0.88057,0.97134,0.97297,0.977,0.9496,0.59625,0.32903,0.01825,0.27719,1.02448,0.00049124,0.00049124,0.00049124
383,1788.56,0.5007,0.08155,0.1133,0.38831,1.03082,0.99848,1,0.995,0.87619,0.97149,0.97297,0.97639,0.94655,0.59358,0.32528,0.01934,0.27864,1.02442,0.00048728,0.00048728,0.00048728
384,1796.23,0.48566,0.1465,0.11974,0.36608,1.00871,0.99853,1,0.995,0.87613,0.97155,0.97297,0.97799,0.95161,0.59734,0.29823,0.01835,0.28361,1.02712,0.00048332,0.00048332,0.00048332
385,1800.5,0.54247,0.10086,0.14021,0.40316,1.07273,0.99851,1,0.995,0.87687,0.97152,0.97297,0.97904,0.96417,0.59837,0.29888,0.01561,0.28617,1.02786,0.00047936,0.00047936,0.00047936
